dataset,model,drift_type,intensity,xai_method,clean_acc,drifted_acc,SSIM,IoU,MSE,KS_p,AD_p,Welch_p,Wilcoxon_p
cifar10,densenet121,noise,0.0,gradcam,0.859375,0.859375,1.0,0.0,0.0,1.0,,,1.0
cifar10,densenet121,noise,0.0,gradcampp,0.859375,0.859375,1.0,0.0,0.0,1.0,,,1.0
cifar10,densenet121,noise,1e-06,gradcam,0.859375,0.859375,1.0,0.0,0.0,1.0,,,1.0
cifar10,densenet121,noise,1e-06,gradcampp,0.859375,0.859375,1.0,0.0,0.0,1.0,,,1.0
cifar10,densenet121,noise,1e-05,gradcam,0.859375,0.859375,1.0,0.0,0.0,1.0,,,1.0
cifar10,densenet121,noise,1e-05,gradcampp,0.859375,0.859375,1.0,0.0,0.0,1.0,,,1.0
cifar10,densenet121,noise,0.0001,gradcam,0.859375,0.859375,1.0,0.0,0.0,1.0,,,1.0
cifar10,densenet121,noise,0.0001,gradcampp,0.859375,0.859375,1.0,0.0,0.0,1.0,,,1.0
cifar10,densenet121,noise,0.001,gradcam,0.859375,0.859375,1.0,0.0,0.0,1.0,,,1.0
cifar10,densenet121,noise,0.001,gradcampp,0.859375,0.859375,1.0,0.0,0.0,1.0,,,1.0
cifar10,densenet121,noise,0.01,gradcam,0.859375,0.8546875,1.0,0.0,0.0,1.0,,,1.0
cifar10,densenet121,noise,0.01,gradcampp,0.859375,0.8546875,1.0,0.0,0.0,1.0,,,1.0
cifar10,densenet121,noise,0.05,gradcam,0.859375,0.8375,1.0,0.0,0.0,1.0,,,1.0
cifar10,densenet121,noise,0.05,gradcampp,0.859375,0.8375,1.0,0.0,0.0,1.0,,,1.0
cifar10,densenet121,noise,0.1,gradcam,0.859375,0.771875,1.0,0.0,0.0,1.0,,,1.0
cifar10,densenet121,noise,0.1,gradcampp,0.859375,0.771875,1.0,0.0,0.0,1.0,,,1.0
cifar10,densenet121,noise,0.2,gradcam,0.859375,0.6046875,1.0,0.0,0.0,1.0,,,1.0
cifar10,densenet121,noise,0.2,gradcampp,0.859375,0.6046875,1.0,0.0,0.0,1.0,,,1.0
cifar10,densenet121,noise,0.3,gradcam,0.859375,0.415625,1.0,0.0,0.0,1.0,,,1.0
cifar10,densenet121,noise,0.3,gradcampp,0.859375,0.415625,1.0,0.0,0.0,1.0,,,1.0
cifar10,densenet121,noise,0.4,gradcam,0.859375,0.3,1.0,0.0,0.0,1.0,,,1.0
cifar10,densenet121,noise,0.4,gradcampp,0.859375,0.3,1.0,0.0,0.0,1.0,,,1.0
cifar10,densenet121,noise,0.5,gradcam,0.859375,0.2390625,1.0,0.0,0.0,1.0,,,1.0
cifar10,densenet121,noise,0.5,gradcampp,0.859375,0.2390625,1.0,0.0,0.0,1.0,,,1.0
cifar10,densenet121,blur,0.0,gradcam,0.859375,0.859375,1.0,0.0,0.0,1.0,,,1.0
cifar10,densenet121,blur,0.0,gradcampp,0.859375,0.859375,1.0,0.0,0.0,1.0,,,1.0
cifar10,densenet121,blur,1e-06,gradcam,0.859375,0.7328125,1.0,0.0,0.0,1.0,,,1.0
cifar10,densenet121,blur,1e-06,gradcampp,0.859375,0.7328125,1.0,0.0,0.0,1.0,,,1.0
cifar10,densenet121,blur,1e-05,gradcam,0.859375,0.7328125,1.0,0.0,0.0,1.0,,,1.0
cifar10,densenet121,blur,1e-05,gradcampp,0.859375,0.7328125,1.0,0.0,0.0,1.0,,,1.0
cifar10,densenet121,blur,0.0001,gradcam,0.859375,0.7328125,1.0,0.0,0.0,1.0,,,1.0
cifar10,densenet121,blur,0.0001,gradcampp,0.859375,0.7328125,1.0,0.0,0.0,1.0,,,1.0
cifar10,densenet121,blur,0.001,gradcam,0.859375,0.7328125,1.0,0.0,0.0,1.0,,,1.0
cifar10,densenet121,blur,0.001,gradcampp,0.859375,0.7328125,1.0,0.0,0.0,1.0,,,1.0
cifar10,densenet121,blur,0.01,gradcam,0.859375,0.7328125,1.0,0.0,0.0,1.0,,,1.0
cifar10,densenet121,blur,0.01,gradcampp,0.859375,0.7328125,1.0,0.0,0.0,1.0,,,1.0
cifar10,densenet121,blur,0.05,gradcam,0.859375,0.7328125,1.0,0.0,0.0,1.0,,,1.0
cifar10,densenet121,blur,0.05,gradcampp,0.859375,0.7328125,1.0,0.0,0.0,1.0,,,1.0
cifar10,densenet121,blur,0.1,gradcam,0.859375,0.7328125,1.0,0.0,0.0,1.0,,,1.0
cifar10,densenet121,blur,0.1,gradcampp,0.859375,0.7328125,1.0,0.0,0.0,1.0,,,1.0
cifar10,densenet121,blur,0.2,gradcam,0.859375,0.5484375,1.0,0.0,0.0,1.0,,,1.0
cifar10,densenet121,blur,0.2,gradcampp,0.859375,0.5484375,1.0,0.0,0.0,1.0,,,1.0
cifar10,densenet121,blur,0.3,gradcam,0.859375,0.43125,1.0,0.0,0.0,1.0,,,1.0
cifar10,densenet121,blur,0.3,gradcampp,0.859375,0.43125,1.0,0.0,0.0,1.0,,,1.0
cifar10,densenet121,blur,0.4,gradcam,0.859375,0.3703125,1.0,0.0,0.0,1.0,,,1.0
cifar10,densenet121,blur,0.4,gradcampp,0.859375,0.3703125,1.0,0.0,0.0,1.0,,,1.0
cifar10,densenet121,blur,0.5,gradcam,0.859375,0.3703125,1.0,0.0,0.0,1.0,,,1.0
cifar10,densenet121,blur,0.5,gradcampp,0.859375,0.3703125,1.0,0.0,0.0,1.0,,,1.0
cifar10,densenet121,brightness,0.0,gradcam,0.859375,0.859375,1.0,0.0,0.0,1.0,,,1.0
cifar10,densenet121,brightness,0.0,gradcampp,0.859375,0.859375,1.0,0.0,0.0,1.0,,,1.0
cifar10,densenet121,brightness,1e-06,gradcam,0.859375,0.859375,1.0,0.0,0.0,1.0,,,1.0
cifar10,densenet121,brightness,1e-06,gradcampp,0.859375,0.859375,1.0,0.0,0.0,1.0,,,1.0
cifar10,densenet121,brightness,1e-05,gradcam,0.859375,0.859375,1.0,0.0,0.0,1.0,,,1.0
cifar10,densenet121,brightness,1e-05,gradcampp,0.859375,0.859375,1.0,0.0,0.0,1.0,,,1.0
cifar10,densenet121,brightness,0.0001,gradcam,0.859375,0.859375,1.0,0.0,0.0,1.0,,,1.0
cifar10,densenet121,brightness,0.0001,gradcampp,0.859375,0.859375,1.0,0.0,0.0,1.0,,,1.0
cifar10,densenet121,brightness,0.001,gradcam,0.859375,0.859375,1.0,0.0,0.0,1.0,,,1.0
cifar10,densenet121,brightness,0.001,gradcampp,0.859375,0.859375,1.0,0.0,0.0,1.0,,,1.0
cifar10,densenet121,brightness,0.01,gradcam,0.859375,0.859375,1.0,0.0,0.0,1.0,,,1.0
cifar10,densenet121,brightness,0.01,gradcampp,0.859375,0.859375,1.0,0.0,0.0,1.0,,,1.0
cifar10,densenet121,brightness,0.05,gradcam,0.859375,0.8671875,1.0,0.0,0.0,1.0,,,1.0
cifar10,densenet121,brightness,0.05,gradcampp,0.859375,0.8671875,1.0,0.0,0.0,1.0,,,1.0
cifar10,densenet121,brightness,0.1,gradcam,0.859375,0.8703125,1.0,0.0,0.0,1.0,,,1.0
cifar10,densenet121,brightness,0.1,gradcampp,0.859375,0.8703125,1.0,0.0,0.0,1.0,,,1.0
cifar10,densenet121,brightness,0.2,gradcam,0.859375,0.8609375,1.0,0.0,0.0,1.0,,,1.0
cifar10,densenet121,brightness,0.2,gradcampp,0.859375,0.8609375,1.0,0.0,0.0,1.0,,,1.0
cifar10,densenet121,brightness,0.3,gradcam,0.859375,0.8421875,1.0,0.0,0.0,1.0,,,1.0
cifar10,densenet121,brightness,0.3,gradcampp,0.859375,0.8421875,1.0,0.0,0.0,1.0,,,1.0
cifar10,densenet121,brightness,0.4,gradcam,0.859375,0.8375,1.0,0.0,0.0,1.0,,,1.0
cifar10,densenet121,brightness,0.4,gradcampp,0.859375,0.8375,1.0,0.0,0.0,1.0,,,1.0
cifar10,densenet121,brightness,0.5,gradcam,0.859375,0.8234375,1.0,0.0,0.0,1.0,,,1.0
cifar10,densenet121,brightness,0.5,gradcampp,0.859375,0.8234375,1.0,0.0,0.0,1.0,,,1.0
cifar10,densenet121,rotation,0.0,gradcam,0.859375,0.859375,1.0,0.0,0.0,1.0,,,1.0
cifar10,densenet121,rotation,0.0,gradcampp,0.859375,0.859375,1.0,0.0,0.0,1.0,,,1.0
cifar10,densenet121,rotation,1e-06,gradcam,0.859375,0.859375,1.0,0.0,0.0,1.0,,,1.0
cifar10,densenet121,rotation,1e-06,gradcampp,0.859375,0.859375,1.0,0.0,0.0,1.0,,,1.0
cifar10,densenet121,rotation,1e-05,gradcam,0.859375,0.859375,1.0,0.0,0.0,1.0,,,1.0
cifar10,densenet121,rotation,1e-05,gradcampp,0.859375,0.859375,1.0,0.0,0.0,1.0,,,1.0
cifar10,densenet121,rotation,0.0001,gradcam,0.859375,0.859375,1.0,0.0,0.0,1.0,,,1.0
cifar10,densenet121,rotation,0.0001,gradcampp,0.859375,0.859375,1.0,0.0,0.0,1.0,,,1.0
cifar10,densenet121,rotation,0.001,gradcam,0.859375,0.859375,1.0,0.0,0.0,1.0,,,1.0
cifar10,densenet121,rotation,0.001,gradcampp,0.859375,0.859375,1.0,0.0,0.0,1.0,,,1.0
cifar10,densenet121,rotation,0.01,gradcam,0.859375,0.859375,1.0,0.0,0.0,1.0,,,1.0
cifar10,densenet121,rotation,0.01,gradcampp,0.859375,0.859375,1.0,0.0,0.0,1.0,,,1.0
cifar10,densenet121,rotation,0.05,gradcam,0.859375,0.8625,1.0,0.0,0.0,1.0,,,1.0
cifar10,densenet121,rotation,0.05,gradcampp,0.859375,0.8625,1.0,0.0,0.0,1.0,,,1.0
cifar10,densenet121,rotation,0.1,gradcam,0.859375,0.846875,1.0,0.0,0.0,1.0,,,1.0
cifar10,densenet121,rotation,0.1,gradcampp,0.859375,0.846875,1.0,0.0,0.0,1.0,,,1.0
cifar10,densenet121,rotation,0.2,gradcam,0.859375,0.8265625,1.0,0.0,0.0,1.0,,,1.0
cifar10,densenet121,rotation,0.2,gradcampp,0.859375,0.8265625,1.0,0.0,0.0,1.0,,,1.0
cifar10,densenet121,rotation,0.3,gradcam,0.859375,0.7765625,1.0,0.0,0.0,1.0,,,1.0
cifar10,densenet121,rotation,0.3,gradcampp,0.859375,0.7765625,1.0,0.0,0.0,1.0,,,1.0
cifar10,densenet121,rotation,0.4,gradcam,0.859375,0.8171875,1.0,0.0,0.0,1.0,,,1.0
cifar10,densenet121,rotation,0.4,gradcampp,0.859375,0.8171875,1.0,0.0,0.0,1.0,,,1.0
cifar10,densenet121,rotation,0.5,gradcam,0.859375,0.7296875,1.0,0.0,0.0,1.0,,,1.0
cifar10,densenet121,rotation,0.5,gradcampp,0.859375,0.7296875,1.0,0.0,0.0,1.0,,,1.0
cifar10,resnet18,noise,0.0,gradcam,0.840625,0.840625,1.0,0.0,0.0,1.0,,,1.0
cifar10,resnet18,noise,0.0,gradcampp,0.840625,0.840625,1.0,0.0,0.0,1.0,,,1.0
cifar10,resnet18,noise,1e-06,gradcam,0.840625,0.840625,1.0,0.0,0.0,1.0,,,1.0
cifar10,resnet18,noise,1e-06,gradcampp,0.840625,0.840625,1.0,0.0,0.0,1.0,,,1.0
cifar10,resnet18,noise,1e-05,gradcam,0.840625,0.840625,1.0,0.0,0.0,1.0,,,1.0
cifar10,resnet18,noise,1e-05,gradcampp,0.840625,0.840625,1.0,0.0,0.0,1.0,,,1.0
cifar10,resnet18,noise,0.0001,gradcam,0.840625,0.840625,1.0,0.0,0.0,1.0,,,1.0
cifar10,resnet18,noise,0.0001,gradcampp,0.840625,0.840625,1.0,0.0,0.0,1.0,,,1.0
cifar10,resnet18,noise,0.001,gradcam,0.840625,0.8421875,1.0,0.0,0.0,1.0,,,1.0
cifar10,resnet18,noise,0.001,gradcampp,0.840625,0.8421875,1.0,0.0,0.0,1.0,,,1.0
cifar10,resnet18,noise,0.01,gradcam,0.840625,0.8421875,1.0,0.0,0.0,1.0,,,1.0
cifar10,resnet18,noise,0.01,gradcampp,0.840625,0.8421875,1.0,0.0,0.0,1.0,,,1.0
cifar10,resnet18,noise,0.05,gradcam,0.840625,0.8203125,1.0,0.0,0.0,1.0,,,1.0
cifar10,resnet18,noise,0.05,gradcampp,0.840625,0.8203125,1.0,0.0,0.0,1.0,,,1.0
cifar10,resnet18,noise,0.1,gradcam,0.840625,0.7875,1.0,0.0,0.0,1.0,,,1.0
cifar10,resnet18,noise,0.1,gradcampp,0.840625,0.7875,1.0,0.0,0.0,1.0,,,1.0
cifar10,resnet18,noise,0.2,gradcam,0.840625,0.634375,1.0,0.0,0.0,1.0,,,1.0
cifar10,resnet18,noise,0.2,gradcampp,0.840625,0.634375,1.0,0.0,0.0,1.0,,,1.0
cifar10,resnet18,noise,0.3,gradcam,0.840625,0.4859375,1.0,0.0,0.0,1.0,,,1.0
cifar10,resnet18,noise,0.3,gradcampp,0.840625,0.4859375,1.0,0.0,0.0,1.0,,,1.0
cifar10,resnet18,noise,0.4,gradcam,0.840625,0.371875,1.0,0.0,0.0,1.0,,,1.0
cifar10,resnet18,noise,0.4,gradcampp,0.840625,0.371875,1.0,0.0,0.0,1.0,,,1.0
cifar10,resnet18,noise,0.5,gradcam,0.840625,0.2640625,1.0,0.0,0.0,1.0,,,1.0
cifar10,resnet18,noise,0.5,gradcampp,0.840625,0.2640625,1.0,0.0,0.0,1.0,,,1.0
cifar10,resnet18,blur,0.0,gradcam,0.840625,0.840625,1.0,0.0,0.0,1.0,,,1.0
cifar10,resnet18,blur,0.0,gradcampp,0.840625,0.840625,1.0,0.0,0.0,1.0,,,1.0
cifar10,resnet18,blur,1e-06,gradcam,0.840625,0.6734375,1.0,0.0,0.0,1.0,,,1.0
cifar10,resnet18,blur,1e-06,gradcampp,0.840625,0.6734375,1.0,0.0,0.0,1.0,,,1.0
cifar10,resnet18,blur,1e-05,gradcam,0.840625,0.6734375,1.0,0.0,0.0,1.0,,,1.0
cifar10,resnet18,blur,1e-05,gradcampp,0.840625,0.6734375,1.0,0.0,0.0,1.0,,,1.0
cifar10,resnet18,blur,0.0001,gradcam,0.840625,0.6734375,1.0,0.0,0.0,1.0,,,1.0
cifar10,resnet18,blur,0.0001,gradcampp,0.840625,0.6734375,1.0,0.0,0.0,1.0,,,1.0
cifar10,resnet18,blur,0.001,gradcam,0.840625,0.6734375,1.0,0.0,0.0,1.0,,,1.0
cifar10,resnet18,blur,0.001,gradcampp,0.840625,0.6734375,1.0,0.0,0.0,1.0,,,1.0
cifar10,resnet18,blur,0.01,gradcam,0.840625,0.6734375,1.0,0.0,0.0,1.0,,,1.0
cifar10,resnet18,blur,0.01,gradcampp,0.840625,0.6734375,1.0,0.0,0.0,1.0,,,1.0
cifar10,resnet18,blur,0.05,gradcam,0.840625,0.6734375,1.0,0.0,0.0,1.0,,,1.0
cifar10,resnet18,blur,0.05,gradcampp,0.840625,0.6734375,1.0,0.0,0.0,1.0,,,1.0
cifar10,resnet18,blur,0.1,gradcam,0.840625,0.6734375,1.0,0.0,0.0,1.0,,,1.0
cifar10,resnet18,blur,0.1,gradcampp,0.840625,0.6734375,1.0,0.0,0.0,1.0,,,1.0
cifar10,resnet18,blur,0.2,gradcam,0.840625,0.4828125,1.0,0.0,0.0,1.0,,,1.0
cifar10,resnet18,blur,0.2,gradcampp,0.840625,0.4828125,1.0,0.0,0.0,1.0,,,1.0
cifar10,resnet18,blur,0.3,gradcam,0.840625,0.340625,1.0,0.0,0.0,1.0,,,1.0
cifar10,resnet18,blur,0.3,gradcampp,0.840625,0.340625,1.0,0.0,0.0,1.0,,,1.0
cifar10,resnet18,blur,0.4,gradcam,0.840625,0.26875,1.0,0.0,0.0,1.0,,,1.0
cifar10,resnet18,blur,0.4,gradcampp,0.840625,0.26875,1.0,0.0,0.0,1.0,,,1.0
cifar10,resnet18,blur,0.5,gradcam,0.840625,0.26875,1.0,0.0,0.0,1.0,,,1.0
cifar10,resnet18,blur,0.5,gradcampp,0.840625,0.26875,1.0,0.0,0.0,1.0,,,1.0
cifar10,resnet18,brightness,0.0,gradcam,0.840625,0.840625,1.0,0.0,0.0,1.0,,,1.0
cifar10,resnet18,brightness,0.0,gradcampp,0.840625,0.840625,1.0,0.0,0.0,1.0,,,1.0
cifar10,resnet18,brightness,1e-06,gradcam,0.840625,0.840625,1.0,0.0,0.0,1.0,,,1.0
cifar10,resnet18,brightness,1e-06,gradcampp,0.840625,0.840625,1.0,0.0,0.0,1.0,,,1.0
cifar10,resnet18,brightness,1e-05,gradcam,0.840625,0.840625,1.0,0.0,0.0,1.0,,,1.0
cifar10,resnet18,brightness,1e-05,gradcampp,0.840625,0.840625,1.0,0.0,0.0,1.0,,,1.0
cifar10,resnet18,brightness,0.0001,gradcam,0.840625,0.840625,1.0,0.0,0.0,1.0,,,1.0
cifar10,resnet18,brightness,0.0001,gradcampp,0.840625,0.840625,1.0,0.0,0.0,1.0,,,1.0
cifar10,resnet18,brightness,0.001,gradcam,0.840625,0.840625,1.0,0.0,0.0,1.0,,,1.0
cifar10,resnet18,brightness,0.001,gradcampp,0.840625,0.840625,1.0,0.0,0.0,1.0,,,1.0
cifar10,resnet18,brightness,0.01,gradcam,0.840625,0.8421875,1.0,0.0,0.0,1.0,,,1.0
cifar10,resnet18,brightness,0.01,gradcampp,0.840625,0.8421875,1.0,0.0,0.0,1.0,,,1.0
cifar10,resnet18,brightness,0.05,gradcam,0.840625,0.8375,1.0,0.0,0.0,1.0,,,1.0
cifar10,resnet18,brightness,0.05,gradcampp,0.840625,0.8375,1.0,0.0,0.0,1.0,,,1.0
cifar10,resnet18,brightness,0.1,gradcam,0.840625,0.8375,1.0,0.0,0.0,1.0,,,1.0
cifar10,resnet18,brightness,0.1,gradcampp,0.840625,0.8375,1.0,0.0,0.0,1.0,,,1.0
cifar10,resnet18,brightness,0.2,gradcam,0.840625,0.81875,1.0,0.0,0.0,1.0,,,1.0
cifar10,resnet18,brightness,0.2,gradcampp,0.840625,0.81875,1.0,0.0,0.0,1.0,,,1.0
cifar10,resnet18,brightness,0.3,gradcam,0.840625,0.80625,1.0,0.0,0.0,1.0,,,1.0
cifar10,resnet18,brightness,0.3,gradcampp,0.840625,0.80625,1.0,0.0,0.0,1.0,,,1.0
cifar10,resnet18,brightness,0.4,gradcam,0.840625,0.7953125,1.0,0.0,0.0,1.0,,,1.0
cifar10,resnet18,brightness,0.4,gradcampp,0.840625,0.7953125,1.0,0.0,0.0,1.0,,,1.0
cifar10,resnet18,brightness,0.5,gradcam,0.840625,0.7921875,1.0,0.0,0.0,1.0,,,1.0
cifar10,resnet18,brightness,0.5,gradcampp,0.840625,0.7921875,1.0,0.0,0.0,1.0,,,1.0
cifar10,resnet18,rotation,0.0,gradcam,0.840625,0.840625,1.0,0.0,0.0,1.0,,,1.0
cifar10,resnet18,rotation,0.0,gradcampp,0.840625,0.840625,1.0,0.0,0.0,1.0,,,1.0
cifar10,resnet18,rotation,1e-06,gradcam,0.840625,0.840625,1.0,0.0,0.0,1.0,,,1.0
cifar10,resnet18,rotation,1e-06,gradcampp,0.840625,0.840625,1.0,0.0,0.0,1.0,,,1.0
cifar10,resnet18,rotation,1e-05,gradcam,0.840625,0.840625,1.0,0.0,0.0,1.0,,,1.0
cifar10,resnet18,rotation,1e-05,gradcampp,0.840625,0.840625,1.0,0.0,0.0,1.0,,,1.0
cifar10,resnet18,rotation,0.0001,gradcam,0.840625,0.840625,1.0,0.0,0.0,1.0,,,1.0
cifar10,resnet18,rotation,0.0001,gradcampp,0.840625,0.840625,1.0,0.0,0.0,1.0,,,1.0
cifar10,resnet18,rotation,0.001,gradcam,0.840625,0.840625,1.0,0.0,0.0,1.0,,,1.0
cifar10,resnet18,rotation,0.001,gradcampp,0.840625,0.840625,1.0,0.0,0.0,1.0,,,1.0
cifar10,resnet18,rotation,0.01,gradcam,0.840625,0.840625,1.0,0.0,0.0,1.0,,,1.0
cifar10,resnet18,rotation,0.01,gradcampp,0.840625,0.840625,1.0,0.0,0.0,1.0,,,1.0
cifar10,resnet18,rotation,0.05,gradcam,0.840625,0.8359375,1.0,0.0,0.0,1.0,,,1.0
cifar10,resnet18,rotation,0.05,gradcampp,0.840625,0.8359375,1.0,0.0,0.0,1.0,,,1.0
cifar10,resnet18,rotation,0.1,gradcam,0.840625,0.8296875,1.0,0.0,0.0,1.0,,,1.0
cifar10,resnet18,rotation,0.1,gradcampp,0.840625,0.8296875,1.0,0.0,0.0,1.0,,,1.0
cifar10,resnet18,rotation,0.2,gradcam,0.840625,0.825,1.0,0.0,0.0,1.0,,,1.0
cifar10,resnet18,rotation,0.2,gradcampp,0.840625,0.825,1.0,0.0,0.0,1.0,,,1.0
cifar10,resnet18,rotation,0.3,gradcam,0.840625,0.790625,1.0,0.0,0.0,1.0,,,1.0
cifar10,resnet18,rotation,0.3,gradcampp,0.840625,0.790625,1.0,0.0,0.0,1.0,,,1.0
cifar10,resnet18,rotation,0.4,gradcam,0.840625,0.6921875,1.0,0.0,0.0,1.0,,,1.0
cifar10,resnet18,rotation,0.4,gradcampp,0.840625,0.6921875,1.0,0.0,0.0,1.0,,,1.0
cifar10,resnet18,rotation,0.5,gradcam,0.840625,0.7390625,1.0,0.0,0.0,1.0,,,1.0
cifar10,resnet18,rotation,0.5,gradcampp,0.840625,0.7390625,1.0,0.0,0.0,1.0,,,1.0
cifar10,shufflenet_v2,noise,0.0,gradcam,0.79375,0.79375,1.0,0.0,0.0,1.0,,,1.0
cifar10,shufflenet_v2,noise,0.0,gradcampp,0.79375,0.79375,1.0,0.0,0.0,1.0,,,1.0
cifar10,shufflenet_v2,noise,1e-06,gradcam,0.79375,0.79375,1.0,0.0,0.0,1.0,,,1.0
cifar10,shufflenet_v2,noise,1e-06,gradcampp,0.79375,0.79375,1.0,0.0,0.0,1.0,,,1.0
cifar10,shufflenet_v2,noise,1e-05,gradcam,0.79375,0.79375,1.0,0.0,0.0,1.0,,,1.0
cifar10,shufflenet_v2,noise,1e-05,gradcampp,0.79375,0.79375,1.0,0.0,0.0,1.0,,,1.0
cifar10,shufflenet_v2,noise,0.0001,gradcam,0.79375,0.79375,1.0,0.0,0.0,1.0,,,1.0
cifar10,shufflenet_v2,noise,0.0001,gradcampp,0.79375,0.79375,1.0,0.0,0.0,1.0,,,1.0
cifar10,shufflenet_v2,noise,0.001,gradcam,0.79375,0.7921875,1.0,0.0,0.0,1.0,,,1.0
cifar10,shufflenet_v2,noise,0.001,gradcampp,0.79375,0.7921875,1.0,0.0,0.0,1.0,,,1.0
cifar10,shufflenet_v2,noise,0.01,gradcam,0.79375,0.803125,1.0,0.0,0.0,1.0,,,1.0
cifar10,shufflenet_v2,noise,0.01,gradcampp,0.79375,0.803125,1.0,0.0,0.0,1.0,,,1.0
cifar10,shufflenet_v2,noise,0.05,gradcam,0.79375,0.7796875,1.0,0.0,0.0,1.0,,,1.0
cifar10,shufflenet_v2,noise,0.05,gradcampp,0.79375,0.7796875,1.0,0.0,0.0,1.0,,,1.0
cifar10,shufflenet_v2,noise,0.1,gradcam,0.79375,0.7046875,1.0,0.0,0.0,1.0,,,1.0
cifar10,shufflenet_v2,noise,0.1,gradcampp,0.79375,0.7046875,1.0,0.0,0.0,1.0,,,1.0
cifar10,shufflenet_v2,noise,0.2,gradcam,0.79375,0.534375,1.0,0.0,0.0,1.0,,,1.0
cifar10,shufflenet_v2,noise,0.2,gradcampp,0.79375,0.534375,1.0,0.0,0.0,1.0,,,1.0
cifar10,shufflenet_v2,noise,0.3,gradcam,0.79375,0.4046875,1.0,0.0,0.0,1.0,,,1.0
cifar10,shufflenet_v2,noise,0.3,gradcampp,0.79375,0.4046875,1.0,0.0,0.0,1.0,,,1.0
cifar10,shufflenet_v2,noise,0.4,gradcam,0.79375,0.296875,1.0,0.0,0.0,1.0,,,1.0
cifar10,shufflenet_v2,noise,0.4,gradcampp,0.79375,0.296875,1.0,0.0,0.0,1.0,,,1.0
cifar10,shufflenet_v2,noise,0.5,gradcam,0.79375,0.24375,1.0,0.0,0.0,1.0,,,1.0
cifar10,shufflenet_v2,noise,0.5,gradcampp,0.79375,0.24375,1.0,0.0,0.0,1.0,,,1.0
cifar10,shufflenet_v2,blur,0.0,gradcam,0.79375,0.79375,1.0,0.0,0.0,1.0,,,1.0
cifar10,shufflenet_v2,blur,0.0,gradcampp,0.79375,0.79375,1.0,0.0,0.0,1.0,,,1.0
cifar10,shufflenet_v2,blur,1e-06,gradcam,0.79375,0.6171875,1.0,0.0,0.0,1.0,,,1.0
cifar10,shufflenet_v2,blur,1e-06,gradcampp,0.79375,0.6171875,1.0,0.0,0.0,1.0,,,1.0
cifar10,shufflenet_v2,blur,1e-05,gradcam,0.79375,0.6171875,1.0,0.0,0.0,1.0,,,1.0
cifar10,shufflenet_v2,blur,1e-05,gradcampp,0.79375,0.6171875,1.0,0.0,0.0,1.0,,,1.0
cifar10,shufflenet_v2,blur,0.0001,gradcam,0.79375,0.6171875,1.0,0.0,0.0,1.0,,,1.0
cifar10,shufflenet_v2,blur,0.0001,gradcampp,0.79375,0.6171875,1.0,0.0,0.0,1.0,,,1.0
cifar10,shufflenet_v2,blur,0.001,gradcam,0.79375,0.6171875,1.0,0.0,0.0,1.0,,,1.0
cifar10,shufflenet_v2,blur,0.001,gradcampp,0.79375,0.6171875,1.0,0.0,0.0,1.0,,,1.0
cifar10,shufflenet_v2,blur,0.01,gradcam,0.79375,0.6171875,1.0,0.0,0.0,1.0,,,1.0
cifar10,shufflenet_v2,blur,0.01,gradcampp,0.79375,0.6171875,1.0,0.0,0.0,1.0,,,1.0
cifar10,shufflenet_v2,blur,0.05,gradcam,0.79375,0.6171875,1.0,0.0,0.0,1.0,,,1.0
cifar10,shufflenet_v2,blur,0.05,gradcampp,0.79375,0.6171875,1.0,0.0,0.0,1.0,,,1.0
cifar10,shufflenet_v2,blur,0.1,gradcam,0.79375,0.6171875,1.0,0.0,0.0,1.0,,,1.0
cifar10,shufflenet_v2,blur,0.1,gradcampp,0.79375,0.6171875,1.0,0.0,0.0,1.0,,,1.0
cifar10,shufflenet_v2,blur,0.2,gradcam,0.79375,0.4390625,1.0,0.0,0.0,1.0,,,1.0
cifar10,shufflenet_v2,blur,0.2,gradcampp,0.79375,0.4390625,1.0,0.0,0.0,1.0,,,1.0
cifar10,shufflenet_v2,blur,0.3,gradcam,0.79375,0.3421875,1.0,0.0,0.0,1.0,,,1.0
cifar10,shufflenet_v2,blur,0.3,gradcampp,0.79375,0.3421875,1.0,0.0,0.0,1.0,,,1.0
cifar10,shufflenet_v2,blur,0.4,gradcam,0.79375,0.2953125,1.0,0.0,0.0,1.0,,,1.0
cifar10,shufflenet_v2,blur,0.4,gradcampp,0.79375,0.2953125,1.0,0.0,0.0,1.0,,,1.0
cifar10,shufflenet_v2,blur,0.5,gradcam,0.79375,0.2953125,1.0,0.0,0.0,1.0,,,1.0
cifar10,shufflenet_v2,blur,0.5,gradcampp,0.79375,0.2953125,1.0,0.0,0.0,1.0,,,1.0
cifar10,shufflenet_v2,brightness,0.0,gradcam,0.79375,0.79375,1.0,0.0,0.0,1.0,,,1.0
cifar10,shufflenet_v2,brightness,0.0,gradcampp,0.79375,0.79375,1.0,0.0,0.0,1.0,,,1.0
cifar10,shufflenet_v2,brightness,1e-06,gradcam,0.79375,0.79375,1.0,0.0,0.0,1.0,,,1.0
cifar10,shufflenet_v2,brightness,1e-06,gradcampp,0.79375,0.79375,1.0,0.0,0.0,1.0,,,1.0
cifar10,shufflenet_v2,brightness,1e-05,gradcam,0.79375,0.79375,1.0,0.0,0.0,1.0,,,1.0
cifar10,shufflenet_v2,brightness,1e-05,gradcampp,0.79375,0.79375,1.0,0.0,0.0,1.0,,,1.0
cifar10,shufflenet_v2,brightness,0.0001,gradcam,0.79375,0.79375,1.0,0.0,0.0,1.0,,,1.0
cifar10,shufflenet_v2,brightness,0.0001,gradcampp,0.79375,0.79375,1.0,0.0,0.0,1.0,,,1.0
cifar10,shufflenet_v2,brightness,0.001,gradcam,0.79375,0.79375,1.0,0.0,0.0,1.0,,,1.0
cifar10,shufflenet_v2,brightness,0.001,gradcampp,0.79375,0.79375,1.0,0.0,0.0,1.0,,,1.0
cifar10,shufflenet_v2,brightness,0.01,gradcam,0.79375,0.7984375,1.0,0.0,0.0,1.0,,,1.0
cifar10,shufflenet_v2,brightness,0.01,gradcampp,0.79375,0.7984375,1.0,0.0,0.0,1.0,,,1.0
cifar10,shufflenet_v2,brightness,0.05,gradcam,0.79375,0.796875,1.0,0.0,0.0,1.0,,,1.0
cifar10,shufflenet_v2,brightness,0.05,gradcampp,0.79375,0.796875,1.0,0.0,0.0,1.0,,,1.0
cifar10,shufflenet_v2,brightness,0.1,gradcam,0.79375,0.79375,1.0,0.0,0.0,1.0,,,1.0
cifar10,shufflenet_v2,brightness,0.1,gradcampp,0.79375,0.79375,1.0,0.0,0.0,1.0,,,1.0
cifar10,shufflenet_v2,brightness,0.2,gradcam,0.79375,0.7765625,1.0,0.0,0.0,1.0,,,1.0
cifar10,shufflenet_v2,brightness,0.2,gradcampp,0.79375,0.7765625,1.0,0.0,0.0,1.0,,,1.0
cifar10,shufflenet_v2,brightness,0.3,gradcam,0.79375,0.759375,1.0,0.0,0.0,1.0,,,1.0
cifar10,shufflenet_v2,brightness,0.3,gradcampp,0.79375,0.759375,1.0,0.0,0.0,1.0,,,1.0
cifar10,shufflenet_v2,brightness,0.4,gradcam,0.79375,0.75,1.0,0.0,0.0,1.0,,,1.0
cifar10,shufflenet_v2,brightness,0.4,gradcampp,0.79375,0.75,1.0,0.0,0.0,1.0,,,1.0
cifar10,shufflenet_v2,brightness,0.5,gradcam,0.79375,0.7421875,1.0,0.0,0.0,1.0,,,1.0
cifar10,shufflenet_v2,brightness,0.5,gradcampp,0.79375,0.7421875,1.0,0.0,0.0,1.0,,,1.0
cifar10,shufflenet_v2,rotation,0.0,gradcam,0.79375,0.79375,1.0,0.0,0.0,1.0,,,1.0
cifar10,shufflenet_v2,rotation,0.0,gradcampp,0.79375,0.79375,1.0,0.0,0.0,1.0,,,1.0
cifar10,shufflenet_v2,rotation,1e-06,gradcam,0.79375,0.79375,1.0,0.0,0.0,1.0,,,1.0
cifar10,shufflenet_v2,rotation,1e-06,gradcampp,0.79375,0.79375,1.0,0.0,0.0,1.0,,,1.0
cifar10,shufflenet_v2,rotation,1e-05,gradcam,0.79375,0.79375,1.0,0.0,0.0,1.0,,,1.0
cifar10,shufflenet_v2,rotation,1e-05,gradcampp,0.79375,0.79375,1.0,0.0,0.0,1.0,,,1.0
cifar10,shufflenet_v2,rotation,0.0001,gradcam,0.79375,0.79375,1.0,0.0,0.0,1.0,,,1.0
cifar10,shufflenet_v2,rotation,0.0001,gradcampp,0.79375,0.79375,1.0,0.0,0.0,1.0,,,1.0
cifar10,shufflenet_v2,rotation,0.001,gradcam,0.79375,0.79375,1.0,0.0,0.0,1.0,,,1.0
cifar10,shufflenet_v2,rotation,0.001,gradcampp,0.79375,0.79375,1.0,0.0,0.0,1.0,,,1.0
cifar10,shufflenet_v2,rotation,0.01,gradcam,0.79375,0.79375,1.0,0.0,0.0,1.0,,,1.0
cifar10,shufflenet_v2,rotation,0.01,gradcampp,0.79375,0.79375,1.0,0.0,0.0,1.0,,,1.0
cifar10,shufflenet_v2,rotation,0.05,gradcam,0.79375,0.7921875,1.0,0.0,0.0,1.0,,,1.0
cifar10,shufflenet_v2,rotation,0.05,gradcampp,0.79375,0.7921875,1.0,0.0,0.0,1.0,,,1.0
cifar10,shufflenet_v2,rotation,0.1,gradcam,0.79375,0.7859375,1.0,0.0,0.0,1.0,,,1.0
cifar10,shufflenet_v2,rotation,0.1,gradcampp,0.79375,0.7859375,1.0,0.0,0.0,1.0,,,1.0
cifar10,shufflenet_v2,rotation,0.2,gradcam,0.79375,0.7578125,1.0,0.0,0.0,1.0,,,1.0
cifar10,shufflenet_v2,rotation,0.2,gradcampp,0.79375,0.7578125,1.0,0.0,0.0,1.0,,,1.0
cifar10,shufflenet_v2,rotation,0.3,gradcam,0.79375,0.734375,1.0,0.0,0.0,1.0,,,1.0
cifar10,shufflenet_v2,rotation,0.3,gradcampp,0.79375,0.734375,1.0,0.0,0.0,1.0,,,1.0
cifar10,shufflenet_v2,rotation,0.4,gradcam,0.79375,0.725,1.0,0.0,0.0,1.0,,,1.0
cifar10,shufflenet_v2,rotation,0.4,gradcampp,0.79375,0.725,1.0,0.0,0.0,1.0,,,1.0
cifar10,shufflenet_v2,rotation,0.5,gradcam,0.79375,0.7,1.0,0.0,0.0,1.0,,,1.0
cifar10,shufflenet_v2,rotation,0.5,gradcampp,0.79375,0.7,1.0,0.0,0.0,1.0,,,1.0
tiny_imagenet,densenet121,noise,0.0,gradcam,0.5984375,0.5984375,1.0,0.9984375,0.0,1.0,0.25,1.0,1.0
tiny_imagenet,densenet121,noise,0.0,gradcampp,0.5984375,0.5984375,1.0,1.0,0.0,1.0,0.25,1.0,1.0
tiny_imagenet,densenet121,noise,1e-06,gradcam,0.5984375,0.5984375,0.9996987458331896,0.996750612410661,5.8148873697307805e-06,0.4779710013801499,0.25,0.9344975303859366,0.92692695281981
tiny_imagenet,densenet121,noise,1e-06,gradcampp,0.5984375,0.5984375,0.9997154349297718,0.9991445470447656,9.722132999596092e-06,0.4606473086436652,0.25,0.6603968867724933,0.6641525968184108
tiny_imagenet,densenet121,noise,1e-05,gradcam,0.5984375,0.5984375,0.999334736858886,0.9961435077670722,2.0356521161189745e-05,0.0893798807457616,0.25,0.5353332800605732,0.5397565255818857
tiny_imagenet,densenet121,noise,1e-05,gradcampp,0.5984375,0.5984375,0.9998746519229752,0.9990046263409316,1.0839295204560875e-05,0.553731198349777,0.25,0.8567943487106487,0.8554747453616282
tiny_imagenet,densenet121,noise,0.0001,gradcam,0.5984375,0.5984375,0.999309585659624,0.9961762227902244,1.1852008336970794e-05,0.5373742169604777,0.25,0.9783372314691716,0.9785343748379952
tiny_imagenet,densenet121,noise,0.0001,gradcampp,0.5984375,0.5984375,0.9995958651147736,0.9980117817658934,1.6805978096438294e-05,0.0553761941141002,0.25,0.458604286666176,0.4796419012741045
tiny_imagenet,densenet121,noise,0.001,gradcam,0.5984375,0.6,0.9971631969274548,0.9893831198091918,0.000245334740459,0.0025060091179509,0.1526542851149746,0.2137300106152,0.2274381786602733
tiny_imagenet,densenet121,noise,0.001,gradcampp,0.5984375,0.6,0.9984224758053492,0.9939183986895987,0.0001145096167507,0.0745744475225566,0.25,0.7999469789238532,0.8338844913256185
tiny_imagenet,densenet121,noise,0.01,gradcam,0.5984375,0.596875,0.9689912008744604,0.9477622420651564,0.0051747609641068,1.5612022023118355e-40,0.001,3.645220758347905e-23,1.088839371700518e-23
tiny_imagenet,densenet121,noise,0.01,gradcampp,0.5984375,0.596875,0.9760654069196996,0.956922384667006,0.0041663800738227,1.3950682355471047e-17,0.001,0.1336606192371512,0.1626087859996383
tiny_imagenet,densenet121,noise,0.05,gradcam,0.5984375,0.5875,0.8734326020911217,0.8436755404642993,0.024727989273277,4.212095535930429e-99,0.001,5.173502899174216e-57,3.1583935880404145e-54
tiny_imagenet,densenet121,noise,0.05,gradcampp,0.5984375,0.5875,0.9016708142987652,0.8693411939808862,0.0179482443023698,6.116948528981476e-36,0.001,2.8221370606781512e-08,5.6937821080277246e-08
tiny_imagenet,densenet121,noise,0.1,gradcam,0.5984375,0.5296875,0.7089680094293903,0.6969784129014267,0.0678774091439095,1.3796226200071332e-67,0.001,2.22615756317709e-05,8.281878503934521e-05
tiny_imagenet,densenet121,noise,0.1,gradcampp,0.5984375,0.5296875,0.7558260797449627,0.731749530267273,0.0557977826652133,6.940255612997362e-108,0.001,2.704318677856142e-05,2.0508301802316097e-05
tiny_imagenet,densenet121,noise,0.2,gradcam,0.5984375,0.3140625,0.4754486489341271,0.5119366135916437,0.1393452556440252,2.887630386467574e-32,0.001,3.483956694691625e-08,7.69536533008868e-08
tiny_imagenet,densenet121,noise,0.2,gradcampp,0.5984375,0.3140625,0.5407659531645543,0.5625230679793788,0.1163892412238851,4.503708145897576e-111,0.001,2.077810966424844e-84,1.1732933801945774e-80
tiny_imagenet,densenet121,noise,0.3,gradcam,0.5984375,0.1515625,0.3554700736270365,0.4276987814152289,0.1802216407400436,0.0,0.001,4.7897141956193465e-152,5.27599969146574e-147
tiny_imagenet,densenet121,noise,0.3,gradcampp,0.5984375,0.1515625,0.4010339177887311,0.4555615113542717,0.1651036927148197,6.144561441718982e-72,0.001,0.0010059228784267,0.0013506604647208
tiny_imagenet,densenet121,noise,0.4,gradcam,0.5984375,0.0671875,0.2890020576547605,0.3759357164447691,0.2047754562294358,6.140015666398418e-218,0.001,9.493685354057759e-119,3.405805579860928e-114
tiny_imagenet,densenet121,noise,0.4,gradcampp,0.5984375,0.0671875,0.3565913339566822,0.4225989763974738,0.1776776686266203,4.097805006181479e-156,0.001,1.01147283131878e-77,7.267280817748793e-76
tiny_imagenet,densenet121,noise,0.5,gradcam,0.5984375,0.03125,0.2771855888414037,0.3742977750705482,0.2081108357919106,0.0,0.001,0.0,0.0
tiny_imagenet,densenet121,noise,0.5,gradcampp,0.5984375,0.03125,0.3593648840585575,0.4222044603890838,0.1754251622323039,2.0547232741264143e-153,0.001,1.0359853163230794e-08,6.992374226822042e-07
tiny_imagenet,densenet121,blur,0.0,gradcam,0.5984375,0.5984375,1.0,0.9984375,0.0,1.0,0.25,1.0,1.0
tiny_imagenet,densenet121,blur,0.0,gradcampp,0.5984375,0.5984375,1.0,1.0,0.0,1.0,0.25,1.0,1.0
tiny_imagenet,densenet121,blur,1e-06,gradcam,0.5984375,0.309375,0.4597913238213895,0.4980707874117831,0.146079122963556,8.037755691375432e-102,0.001,9.044103531938377e-28,4.953245259912529e-24
tiny_imagenet,densenet121,blur,1e-06,gradcampp,0.5984375,0.309375,0.502730913002226,0.5282896014461693,0.1294838889095445,6.396423881456726e-36,0.001,0.5502138285723286,0.3042816571656607
tiny_imagenet,densenet121,blur,1e-05,gradcam,0.5984375,0.309375,0.4597913238213895,0.4980707874117831,0.146079122963556,8.037755691375432e-102,0.001,9.044103531938377e-28,4.953245259912529e-24
tiny_imagenet,densenet121,blur,1e-05,gradcampp,0.5984375,0.309375,0.502730913002226,0.5282896014461693,0.1294838889095445,6.396423881456726e-36,0.001,0.5502138285723286,0.3042816571656607
tiny_imagenet,densenet121,blur,0.0001,gradcam,0.5984375,0.309375,0.4597913238213895,0.4980707874117831,0.146079122963556,8.037755691375432e-102,0.001,9.044103531938377e-28,4.953245259912529e-24
tiny_imagenet,densenet121,blur,0.0001,gradcampp,0.5984375,0.309375,0.502730913002226,0.5282896014461693,0.1294838889095445,6.396423881456726e-36,0.001,0.5502138285723286,0.3042816571656607
tiny_imagenet,densenet121,blur,0.001,gradcam,0.5984375,0.309375,0.4597913238213895,0.4980707874117831,0.146079122963556,8.037755691375432e-102,0.001,9.044103531938377e-28,4.953245259912529e-24
tiny_imagenet,densenet121,blur,0.001,gradcampp,0.5984375,0.309375,0.502730913002226,0.5282896014461693,0.1294838889095445,6.396423881456726e-36,0.001,0.5502138285723286,0.3042816571656607
tiny_imagenet,densenet121,blur,0.01,gradcam,0.5984375,0.309375,0.4597913238213895,0.4980707874117831,0.146079122963556,8.037755691375432e-102,0.001,9.044103531938377e-28,4.953245259912529e-24
tiny_imagenet,densenet121,blur,0.01,gradcampp,0.5984375,0.309375,0.502730913002226,0.5282896014461693,0.1294838889095445,6.396423881456726e-36,0.001,0.5502138285723286,0.3042816571656607
tiny_imagenet,densenet121,blur,0.05,gradcam,0.5984375,0.309375,0.4597913238213895,0.4980707874117831,0.146079122963556,8.037755691375432e-102,0.001,9.044103531938377e-28,4.953245259912529e-24
tiny_imagenet,densenet121,blur,0.05,gradcampp,0.5984375,0.309375,0.502730913002226,0.5282896014461693,0.1294838889095445,6.396423881456726e-36,0.001,0.5502138285723286,0.3042816571656607
tiny_imagenet,densenet121,blur,0.1,gradcam,0.5984375,0.309375,0.4597913238213895,0.4980707874117831,0.146079122963556,8.037755691375432e-102,0.001,9.044103531938377e-28,4.953245259912529e-24
tiny_imagenet,densenet121,blur,0.1,gradcampp,0.5984375,0.309375,0.502730913002226,0.5282896014461693,0.1294838889095445,6.396423881456726e-36,0.001,0.5502138285723286,0.3042816571656607
tiny_imagenet,densenet121,blur,0.2,gradcam,0.5984375,0.1953125,0.3948946087521416,0.4493186260413212,0.1647883630892337,1.949218828967861e-63,0.001,9.114863155492308e-40,4.367398693240512e-36
tiny_imagenet,densenet121,blur,0.2,gradcampp,0.5984375,0.1953125,0.4313221181225306,0.4775857851947904,0.1520785059759646,1.4730228057677393e-42,0.001,0.0053489720463882,0.0021059793358096
tiny_imagenet,densenet121,blur,0.3,gradcam,0.5984375,0.1515625,0.3501294951944156,0.4205442835432002,0.1830375335084852,1.7399214031534896e-254,0.001,1.2469947201182715e-218,9.06477077304494e-218
tiny_imagenet,densenet121,blur,0.3,gradcampp,0.5984375,0.1515625,0.3884293812311624,0.4388812018583253,0.1680894647758578,1.2954e-320,0.001,2.842473170607843e-177,7.661201582838181e-171
tiny_imagenet,densenet121,blur,0.4,gradcam,0.5984375,0.1109375,0.3101845097221036,0.385103245167656,0.1975581965373294,0.0,0.001,0.0,0.0
tiny_imagenet,densenet121,blur,0.4,gradcampp,0.5984375,0.1109375,0.3703604986123275,0.4281297058346531,0.1750463388291791,1.3557889880937685e-104,0.001,1.95692902612759e-12,1.4721462504025474e-12
tiny_imagenet,densenet121,blur,0.5,gradcam,0.5984375,0.1109375,0.3101845097221036,0.385103245167656,0.1975581965373294,0.0,0.001,0.0,0.0
tiny_imagenet,densenet121,blur,0.5,gradcampp,0.5984375,0.1109375,0.3703604986123275,0.4281297058346531,0.1750463388291791,1.3557889880937685e-104,0.001,1.95692902612759e-12,1.4721462504025474e-12
tiny_imagenet,densenet121,brightness,0.0,gradcam,0.5984375,0.5984375,1.0,0.9984375,0.0,1.0,0.25,1.0,1.0
tiny_imagenet,densenet121,brightness,0.0,gradcampp,0.5984375,0.5984375,1.0,1.0,0.0,1.0,0.25,1.0,1.0
tiny_imagenet,densenet121,brightness,1e-06,gradcam,0.5984375,0.5984375,0.9994178548435376,0.9961345300497436,1.7025895809347478e-05,0.1926253976471209,0.25,0.597372789644776,0.6012291913544903
tiny_imagenet,densenet121,brightness,1e-06,gradcampp,0.5984375,0.5984375,0.999862596871194,0.9989638035787136,1.331333854111789e-05,0.5508743430774845,0.25,0.782110234228382,0.7717264901186147
tiny_imagenet,densenet121,brightness,1e-05,gradcam,0.5984375,0.5984375,0.9992865542473288,0.9968751044518388,1.1575916223339094e-05,0.6058681963903791,0.25,0.9383185132229734,0.9402550201654666
tiny_imagenet,densenet121,brightness,1e-05,gradcampp,0.5984375,0.5984375,0.9997347717231676,0.998833114718462,1.1377176589318912e-05,0.1014950081662481,0.25,0.7712853359659646,0.7929992553378695
tiny_imagenet,densenet121,brightness,0.0001,gradcam,0.5984375,0.5984375,0.9989736173410771,0.9952506579051744,0.0002263361787258,0.0181789548804655,0.1677586638726218,0.1465430795967926,0.1584817083777882
tiny_imagenet,densenet121,brightness,0.0001,gradcampp,0.5984375,0.5984375,0.9987539731982832,0.997940647067466,0.0002275726880166,0.0654049075651372,0.25,0.4615769811276072,0.4558808449687946
tiny_imagenet,densenet121,brightness,0.001,gradcam,0.5984375,0.5984375,0.9987751322545008,0.9930738467365522,0.0002513260532923,0.0637790155103021,0.2035278645119323,0.2380986240471534,0.2445932320338057
tiny_imagenet,densenet121,brightness,0.001,gradcampp,0.5984375,0.5984375,0.9987136096369426,0.9959587017254912,0.0002424529140478,0.1266798364629262,0.25,0.5144483765082277,0.5068366562258566
tiny_imagenet,densenet121,brightness,0.01,gradcam,0.5984375,0.5984375,0.9859841755650464,0.9698713866261268,0.0027883051690165,2.2550307656739345e-08,0.001,0.0005432227334356,0.0002578953882768
tiny_imagenet,densenet121,brightness,0.01,gradcampp,0.5984375,0.5984375,0.9896562013868664,0.978221425394576,0.0019171352134653,3.972622411021179e-08,0.001,0.000353765193372,0.0004311463984319
tiny_imagenet,densenet121,brightness,0.05,gradcam,0.5984375,0.584375,0.9472417592656708,0.9209236381872106,0.0094870086962529,2.786148620339006e-31,0.001,1.7132807320065957e-15,3.2976553324664343e-16
tiny_imagenet,densenet121,brightness,0.05,gradcampp,0.5984375,0.584375,0.9590939357934806,0.9315890653034464,0.0077878333589694,2.9378107818170967e-47,0.001,1.6108939677403702e-09,2.123905726233466e-09
tiny_imagenet,densenet121,brightness,0.1,gradcam,0.5984375,0.575,0.9007488015401176,0.8659101905743046,0.019159704042168,2.9953432939028363e-46,0.001,1.0408555773882541e-33,2.75364771307937e-34
tiny_imagenet,densenet121,brightness,0.1,gradcampp,0.5984375,0.575,0.9184550652499476,0.8864196398818539,0.0156511648415056,4.693693844344232e-23,0.001,0.0002791036056319,0.0003939422828055
tiny_imagenet,densenet121,brightness,0.2,gradcam,0.5984375,0.559375,0.8148168856552502,0.7814577074410061,0.0416871040555292,5.031175165955356e-51,0.001,8.869193995646089e-18,7.547715821525076e-19
tiny_imagenet,densenet121,brightness,0.2,gradcampp,0.5984375,0.559375,0.8407377575027418,0.808742264057171,0.034149857071624,1.943931573321868e-29,0.001,5.005389072208617e-09,2.4085113907331237e-08
tiny_imagenet,densenet121,brightness,0.3,gradcam,0.5984375,0.546875,0.7655677396578285,0.7372536299667353,0.0525071133215746,1.0591804841443615e-28,0.001,7.413728480364827e-05,1.0281219437129983e-05
tiny_imagenet,densenet121,brightness,0.3,gradcampp,0.5984375,0.546875,0.7953981091267524,0.7670146190304419,0.0453886604031559,5.243835689797448e-17,0.001,0.0007740958124651,0.0012156545951018
tiny_imagenet,densenet121,brightness,0.4,gradcam,0.5984375,0.5375,0.7097773404828693,0.6890026928400299,0.0685404268178786,7.178606574635329e-80,0.001,0.2102494667951291,0.1570465845387738
tiny_imagenet,densenet121,brightness,0.4,gradcampp,0.5984375,0.5375,0.7560865900751335,0.7320520411916511,0.0543459269617301,3.3928011922099915e-33,0.001,1.1021351830426875e-11,5.483362811128399e-11
tiny_imagenet,densenet121,brightness,0.5,gradcam,0.5984375,0.525,0.6665631566268146,0.6515429841266783,0.0810500025188787,9.4749715879597e-153,0.001,8.127442473507655e-30,2.107468261354984e-28
tiny_imagenet,densenet121,brightness,0.5,gradcampp,0.5984375,0.525,0.716520802011761,0.6955056187526205,0.0632090228358435,5.4569331204512506e-42,0.001,0.0030604980580939,0.0029969751903832
tiny_imagenet,densenet121,rotation,0.0,gradcam,0.5984375,0.5984375,1.0,0.9984375,0.0,1.0,0.25,1.0,1.0
tiny_imagenet,densenet121,rotation,0.0,gradcampp,0.5984375,0.5984375,1.0,1.0,0.0,1.0,0.25,1.0,1.0
tiny_imagenet,densenet121,rotation,1e-06,gradcam,0.5984375,0.5984375,1.0,0.9984375,0.0,1.0,0.25,1.0,1.0
tiny_imagenet,densenet121,rotation,1e-06,gradcampp,0.5984375,0.5984375,1.0,1.0,0.0,1.0,0.25,1.0,1.0
tiny_imagenet,densenet121,rotation,1e-05,gradcam,0.5984375,0.5984375,1.0,0.9984375,0.0,1.0,0.25,1.0,1.0
tiny_imagenet,densenet121,rotation,1e-05,gradcampp,0.5984375,0.5984375,1.0,1.0,0.0,1.0,0.25,1.0,1.0
tiny_imagenet,densenet121,rotation,0.0001,gradcam,0.5984375,0.5984375,1.0,0.9984375,0.0,1.0,0.25,1.0,1.0
tiny_imagenet,densenet121,rotation,0.0001,gradcampp,0.5984375,0.5984375,1.0,1.0,0.0,1.0,0.25,1.0,1.0
tiny_imagenet,densenet121,rotation,0.001,gradcam,0.5984375,0.5984375,1.0,0.9984375,0.0,1.0,0.25,1.0,1.0
tiny_imagenet,densenet121,rotation,0.001,gradcampp,0.5984375,0.5984375,1.0,1.0,0.0,1.0,0.25,1.0,1.0
tiny_imagenet,densenet121,rotation,0.01,gradcam,0.5984375,0.5984375,1.0,0.9984375,0.0,1.0,0.25,1.0,1.0
tiny_imagenet,densenet121,rotation,0.01,gradcampp,0.5984375,0.5984375,1.0,1.0,0.0,1.0,0.25,1.0,1.0
tiny_imagenet,densenet121,rotation,0.05,gradcam,0.5984375,0.5796875,0.8537700708664083,0.8251295876387488,0.0318254257004383,3.084219502351461e-53,0.001,1.2163767699068077e-17,2.5995717927457234e-16
tiny_imagenet,densenet121,rotation,0.05,gradcampp,0.5984375,0.5796875,0.8762935490241194,0.8532501154443433,0.0250309940308065,3.561539704696208e-41,0.001,0.3045475444400538,0.1975728317711982
tiny_imagenet,densenet121,rotation,0.1,gradcam,0.5984375,0.5828125,0.7912171812889158,0.7744991896177527,0.0480501487532791,5.689182523543456e-43,0.001,6.388271859651747e-19,1.1010628161108521e-17
tiny_imagenet,densenet121,rotation,0.1,gradcampp,0.5984375,0.5828125,0.8233762158779294,0.8044046986463694,0.0377644942635697,3.014151175581477e-47,0.001,2.2036257832676027e-29,6.372370149978531e-28
tiny_imagenet,densenet121,rotation,0.2,gradcam,0.5984375,0.534375,0.6545501524755694,0.650604618914865,0.0845305000434649,3.3546795347362016e-41,0.001,2.5035632354456982e-18,9.540768750978052e-19
tiny_imagenet,densenet121,rotation,0.2,gradcampp,0.5984375,0.534375,0.6974188189572956,0.685350191260984,0.0697713882480343,2.104061423316286e-143,0.001,1.807467018156378e-70,1.3526325793341587e-67
tiny_imagenet,densenet121,rotation,0.3,gradcam,0.5984375,0.553125,0.7423254385754553,0.7156416236902228,0.0582260598161411,2.0462448129494815e-82,0.001,6.647493148238916e-08,4.184225839772614e-07
tiny_imagenet,densenet121,rotation,0.3,gradcampp,0.5984375,0.553125,0.7755498961736139,0.7517864466023766,0.0486161491888353,2.3896274516451094e-19,0.001,1.348040041415836e-06,2.659020618453515e-06
tiny_imagenet,densenet121,rotation,0.4,gradcam,0.5984375,0.5453125,0.6354388048740709,0.6248562671009059,0.0910694342255411,1.0739172429214e-93,0.001,1.0457537924933997e-33,6.87348841559191e-40
tiny_imagenet,densenet121,rotation,0.4,gradcampp,0.5984375,0.5453125,0.695175512359536,0.681042181242274,0.0691871643700139,7.924538216573306e-159,0.001,1.1661062833991072e-38,1.4057449941092894e-38
tiny_imagenet,densenet121,rotation,0.5,gradcam,0.5984375,0.4640625,0.500100712681361,0.5212935514056328,0.1322307262202002,3.6048683496664896e-242,0.001,0.0,0.0
tiny_imagenet,densenet121,rotation,0.5,gradcampp,0.5984375,0.4640625,0.5538674620484997,0.561195673011925,0.1135221857332766,9.780028902898123e-170,0.001,9.865072085579664e-43,3.623135482572417e-42
tiny_imagenet,resnet18,noise,0.0,gradcam,0.4015625,0.4015625,1.0,1.0,0.0,1.0,0.25,1.0,1.0
tiny_imagenet,resnet18,noise,0.0,gradcampp,0.4015625,0.4015625,1.0,1.0,0.0,1.0,0.25,1.0,1.0
tiny_imagenet,resnet18,noise,1e-06,gradcam,0.4015625,0.4015625,0.999998155023845,0.9998739437103126,2.5189996954318492e-08,0.998930841614982,0.25,0.9864802108834706,0.9852165405599076
tiny_imagenet,resnet18,noise,1e-06,gradcampp,0.4015625,0.4015625,0.9999995126617643,0.9997890569013628,1.859574416627894e-08,0.9992042086180604,0.25,0.9965755601391602,0.9990599745262546
tiny_imagenet,resnet18,noise,1e-05,gradcam,0.4015625,0.4015625,0.99936384873789,0.9996242826553556,7.385582105993714e-05,0.9874170547909744,0.25,0.7982242447273407,0.8027511684116398
tiny_imagenet,resnet18,noise,1e-05,gradcampp,0.4015625,0.4015625,0.9992597982571546,0.9987212964259424,0.0001960062382449,0.265070420079042,0.25,0.295985669128728,0.3091964976419966
tiny_imagenet,resnet18,noise,0.0001,gradcam,0.4015625,0.4015625,0.9999963186396392,0.9997448748896958,8.467545910081298e-08,0.9874170547909744,0.25,0.982141406022942,0.9781531400612796
tiny_imagenet,resnet18,noise,0.0001,gradcampp,0.4015625,0.4015625,0.9999964110388262,0.999547714932928,5.6601306911800696e-08,0.9986611792617688,0.25,0.9732775051691036,0.9740178809465888
tiny_imagenet,resnet18,noise,0.001,gradcam,0.4015625,0.4015625,0.9999331272108366,0.9981029626916236,2.456326876208178e-06,0.270655807932836,0.25,0.9634540785993352,0.973460850536082
tiny_imagenet,resnet18,noise,0.001,gradcampp,0.4015625,0.4015625,0.9999258042776328,0.9986355900443862,1.375969186614371e-06,0.3941958615775455,0.25,0.8097311517836144,0.8095681216356121
tiny_imagenet,resnet18,noise,0.01,gradcam,0.4015625,0.4,0.9769457928003028,0.965352521031595,0.0052765715229514,1.699819192121668e-06,0.0070107922362887,0.0981537968607401,0.1103496585040767
tiny_imagenet,resnet18,noise,0.01,gradcampp,0.4015625,0.4,0.9836826150925372,0.9755308972302068,0.0033137736859924,1.210225329999887e-09,0.002048224680708,0.0220247121614131,0.0205958623891994
tiny_imagenet,resnet18,noise,0.05,gradcam,0.4015625,0.403125,0.8671635668349783,0.8433064052256082,0.0321106283757734,2.769230658348011e-61,0.001,1.1857478451909828e-13,9.831999887709397e-13
tiny_imagenet,resnet18,noise,0.05,gradcampp,0.4015625,0.403125,0.9066982417380126,0.8814536917507068,0.0184860865976225,1.1506567942110457e-22,0.001,1.430667026542109e-10,3.3433943995813835e-10
tiny_imagenet,resnet18,noise,0.1,gradcam,0.4015625,0.3765625,0.6950551493858732,0.6909773511417271,0.0779084301460471,2.119071601579516e-37,0.001,1.0731297138178394e-11,1.1928239791282616e-12
tiny_imagenet,resnet18,noise,0.1,gradcampp,0.4015625,0.3765625,0.7668273435875914,0.7542581586261887,0.0521432394056631,8.032101590528262e-133,0.001,4.116255477772611e-51,3.616728994635713e-49
tiny_imagenet,resnet18,noise,0.2,gradcam,0.4015625,0.1921875,0.4522636774149229,0.4926400958664567,0.1477852775289648,0.0,0.001,0.0,0.0
tiny_imagenet,resnet18,noise,0.2,gradcampp,0.4015625,0.1921875,0.5566936914495882,0.5785597640584268,0.1108490829661757,5.523275120257313e-42,0.001,0.805810614168843,0.8081226673792861
tiny_imagenet,resnet18,noise,0.3,gradcam,0.4015625,0.084375,0.3587502943967703,0.4283231458462916,0.1785358859486678,7.589618243567747e-167,0.001,8.782676821709824e-199,2.2343953387705908e-187
tiny_imagenet,resnet18,noise,0.3,gradcampp,0.4015625,0.084375,0.4554225765399157,0.4970390178313321,0.1432340173550073,1.159902813340286e-273,0.001,1.188528946054147e-84,1.6260148175354227e-79
tiny_imagenet,resnet18,noise,0.4,gradcam,0.4015625,0.0203125,0.3159082585103001,0.4040134399123568,0.1975717806166358,2.0125395491509056e-57,0.001,1.7265025361485185e-05,6.811685949188925e-05
tiny_imagenet,resnet18,noise,0.4,gradcampp,0.4015625,0.0203125,0.3841676019276904,0.4511370572785292,0.166284860258952,0.0,0.001,0.0,0.0
tiny_imagenet,resnet18,noise,0.5,gradcam,0.4015625,0.009375,0.311495431056801,0.4018554969792092,0.1996570967130992,0.0,0.001,0.0,0.0
tiny_imagenet,resnet18,noise,0.5,gradcampp,0.4015625,0.009375,0.3620050407250703,0.4379723518674956,0.1753577590753593,0.0,0.001,0.0,0.0
tiny_imagenet,resnet18,blur,0.0,gradcam,0.4015625,0.4015625,1.0,1.0,0.0,1.0,0.25,1.0,1.0
tiny_imagenet,resnet18,blur,0.0,gradcampp,0.4015625,0.4015625,1.0,1.0,0.0,1.0,0.25,1.0,1.0
tiny_imagenet,resnet18,blur,1e-06,gradcam,0.4015625,0.165625,0.4378733613740456,0.4748331857292004,0.1542350496734769,1.0141767536037047e-185,0.001,1.2194964253499131e-31,5.281741993993673e-30
tiny_imagenet,resnet18,blur,1e-06,gradcampp,0.4015625,0.165625,0.5546923574683802,0.570339833341308,0.1127840625066028,0.0,0.001,0.0,0.0
tiny_imagenet,resnet18,blur,1e-05,gradcam,0.4015625,0.165625,0.4378733613740456,0.4748331857292004,0.1542350496734769,1.0141767536037047e-185,0.001,1.2194964253499131e-31,5.281741993993673e-30
tiny_imagenet,resnet18,blur,1e-05,gradcampp,0.4015625,0.165625,0.5546923574683802,0.570339833341308,0.1127840625066028,0.0,0.001,0.0,0.0
tiny_imagenet,resnet18,blur,0.0001,gradcam,0.4015625,0.165625,0.4378733613740456,0.4748331857292004,0.1542350496734769,1.0141767536037047e-185,0.001,1.2194964253499131e-31,5.281741993993673e-30
tiny_imagenet,resnet18,blur,0.0001,gradcampp,0.4015625,0.165625,0.5546923574683802,0.570339833341308,0.1127840625066028,0.0,0.001,0.0,0.0
tiny_imagenet,resnet18,blur,0.001,gradcam,0.4015625,0.165625,0.4378733613740456,0.4748331857292004,0.1542350496734769,1.0141767536037047e-185,0.001,1.2194964253499131e-31,5.281741993993673e-30
tiny_imagenet,resnet18,blur,0.001,gradcampp,0.4015625,0.165625,0.5546923574683802,0.570339833341308,0.1127840625066028,0.0,0.001,0.0,0.0
tiny_imagenet,resnet18,blur,0.01,gradcam,0.4015625,0.165625,0.4378733613740456,0.4748331857292004,0.1542350496734769,1.0141767536037047e-185,0.001,1.2194964253499131e-31,5.281741993993673e-30
tiny_imagenet,resnet18,blur,0.01,gradcampp,0.4015625,0.165625,0.5546923574683802,0.570339833341308,0.1127840625066028,0.0,0.001,0.0,0.0
tiny_imagenet,resnet18,blur,0.05,gradcam,0.4015625,0.165625,0.4378733613740456,0.4748331857292004,0.1542350496734769,1.0141767536037047e-185,0.001,1.2194964253499131e-31,5.281741993993673e-30
tiny_imagenet,resnet18,blur,0.05,gradcampp,0.4015625,0.165625,0.5546923574683802,0.570339833341308,0.1127840625066028,0.0,0.001,0.0,0.0
tiny_imagenet,resnet18,blur,0.1,gradcam,0.4015625,0.165625,0.4378733613740456,0.4748331857292004,0.1542350496734769,1.0141767536037047e-185,0.001,1.2194964253499131e-31,5.281741993993673e-30
tiny_imagenet,resnet18,blur,0.1,gradcampp,0.4015625,0.165625,0.5546923574683802,0.570339833341308,0.1127840625066028,0.0,0.001,0.0,0.0
tiny_imagenet,resnet18,blur,0.2,gradcam,0.4015625,0.0921875,0.3913118614145727,0.444867124183153,0.1689555168491665,1.4658936673761062e-147,0.001,7.748116727904993e-36,6.9955105826344895e-34
tiny_imagenet,resnet18,blur,0.2,gradcampp,0.4015625,0.0921875,0.5093598399581369,0.5368672220363013,0.123226351644007,0.0,0.001,0.0,0.0
tiny_imagenet,resnet18,blur,0.3,gradcam,0.4015625,0.071875,0.3682197771302505,0.429299407951874,0.1746250804915689,1.217517634807393e-103,0.001,0.9082794992393112,0.8174749904516686
tiny_imagenet,resnet18,blur,0.3,gradcampp,0.4015625,0.071875,0.4870003077371006,0.5140584157018445,0.1302610550960707,0.0,0.001,0.0,0.0
tiny_imagenet,resnet18,blur,0.4,gradcam,0.4015625,0.06875,0.3579219854337448,0.4199545662289994,0.1793299254783051,2.534526322666351e-70,0.001,4.2245591164061843e-13,9.853156537730438e-13
tiny_imagenet,resnet18,blur,0.4,gradcampp,0.4015625,0.06875,0.482004925673543,0.510208830268515,0.1321106991432145,0.0,0.001,0.0,0.0
tiny_imagenet,resnet18,blur,0.5,gradcam,0.4015625,0.06875,0.3579219854337448,0.4199545662289994,0.1793299254783051,2.534526322666351e-70,0.001,4.2245591164061843e-13,9.853156537730438e-13
tiny_imagenet,resnet18,blur,0.5,gradcampp,0.4015625,0.06875,0.482004925673543,0.510208830268515,0.1321106991432145,0.0,0.001,0.0,0.0
tiny_imagenet,resnet18,brightness,0.0,gradcam,0.4015625,0.4015625,1.0,1.0,0.0,1.0,0.25,1.0,1.0
tiny_imagenet,resnet18,brightness,0.0,gradcampp,0.4015625,0.4015625,1.0,1.0,0.0,1.0,0.25,1.0,1.0
tiny_imagenet,resnet18,brightness,1e-06,gradcam,0.4015625,0.4015625,0.9999988789663524,0.9998157585707188,2.1564829097577365e-08,0.9846253905138586,0.25,0.9954931874592484,0.9940282562251436
tiny_imagenet,resnet18,brightness,1e-06,gradcampp,0.4015625,0.4015625,0.99999905085035,0.9994956104880472,1.9192131721229863e-08,0.999029326735242,0.25,0.9928170820216332,0.9934339873308358
tiny_imagenet,resnet18,brightness,1e-05,gradcam,0.4015625,0.4015625,0.9984280226568814,0.9986844799726824,0.0005113080825442,0.469935545891445,0.25,0.4210255958872914,0.4347053965022717
tiny_imagenet,resnet18,brightness,1e-05,gradcampp,0.4015625,0.4015625,0.999281883375798,0.998999548641146,0.0001779567248227,0.7035740306821683,0.25,0.4198779713039329,0.4322676742163813
tiny_imagenet,resnet18,brightness,0.0001,gradcam,0.4015625,0.4015625,0.999362642806348,0.9996022155296934,7.385394271963446e-05,0.9662789281705852,0.25,0.7708872647499301,0.7729292918402559
tiny_imagenet,resnet18,brightness,0.0001,gradcampp,0.4015625,0.4015625,0.999260299740794,0.99843251933998,0.0001960260333547,0.1675201237254907,0.25,0.3033498276009572,0.3182549832266296
tiny_imagenet,resnet18,brightness,0.001,gradcam,0.4015625,0.4015625,0.9977694134359278,0.9979326591100544,0.0005854691197708,0.1734561231189891,0.25,0.2734966569709003,0.2824385732707258
tiny_imagenet,resnet18,brightness,0.001,gradcampp,0.4015625,0.4015625,0.9985304850970792,0.997768036020222,0.0003743189118957,0.553731198349673,0.25,0.7968774626003379,0.8002154869689518
tiny_imagenet,resnet18,brightness,0.01,gradcam,0.4015625,0.403125,0.990206953864966,0.98595243501783,0.0025244918426441,3.293686429754647e-05,0.001,0.007717755228088,0.0058078373312748
tiny_imagenet,resnet18,brightness,0.01,gradcampp,0.4015625,0.403125,0.9938385098981484,0.9898756406916104,0.001366091574988,1.0012903131388392e-05,0.0298388183712238,0.0549777270417644,0.0580263770484609
tiny_imagenet,resnet18,brightness,0.05,gradcam,0.4015625,0.4,0.948343152534628,0.9341531702718592,0.0125141242478609,9.417707716348372e-08,0.001,0.6614900755131201,0.6550387652037404
tiny_imagenet,resnet18,brightness,0.05,gradcampp,0.4015625,0.4,0.9624820060168596,0.9500425798759832,0.0086016268930115,2.9064281992013284e-26,0.001,1.0486491967790431e-09,2.0072460168348473e-09
tiny_imagenet,resnet18,brightness,0.1,gradcam,0.4015625,0.3984375,0.9096125161452262,0.8900903503065807,0.0213107864123779,8.061394849490673e-09,0.001,0.1070059620211531,0.091234347837561
tiny_imagenet,resnet18,brightness,0.1,gradcampp,0.4015625,0.3984375,0.9359016906659148,0.9162962930248512,0.0129452685599022,1.1990084007586076e-46,0.001,5.211943955868686e-09,1.1115928544992065e-08
tiny_imagenet,resnet18,brightness,0.2,gradcam,0.4015625,0.3875,0.8322013713457557,0.812753926739676,0.0390959012364949,4.6460255081628924e-20,0.001,0.1749700230743126,0.231641628367944
tiny_imagenet,resnet18,brightness,0.2,gradcampp,0.4015625,0.3875,0.8762622503831382,0.8508544050538592,0.0247561215345674,8.438593532847307e-79,0.001,4.9032690911533155e-27,1.3347452390302918e-25
tiny_imagenet,resnet18,brightness,0.3,gradcam,0.4015625,0.365625,0.7529622132459891,0.740637695481807,0.0595505314353715,1.6876231764884897e-25,0.001,2.9368327712163413e-05,7.519624172351253e-06
tiny_imagenet,resnet18,brightness,0.3,gradcampp,0.4015625,0.365625,0.8135194249241635,0.7889291245335226,0.0404310000246106,1.02431768642089e-64,0.001,5.275155055959324e-29,8.387604249156784e-28
tiny_imagenet,resnet18,brightness,0.4,gradcam,0.4015625,0.34375,0.6959558105675191,0.6901355246443649,0.0746085774578354,3.131842939791997e-58,0.001,1.0370316428651823e-13,2.248912195341335e-13
tiny_imagenet,resnet18,brightness,0.4,gradcampp,0.4015625,0.34375,0.7727760073662802,0.7511078822952897,0.0496256767166607,3.212086846396083e-34,0.001,0.2326770378140303,0.2202063157271162
tiny_imagenet,resnet18,brightness,0.5,gradcam,0.4015625,0.33125,0.6490817073964574,0.6466591350642882,0.0876406662383345,3.267353302167583e-129,0.001,1.7846546233746405e-103,8.798540145479966e-101
tiny_imagenet,resnet18,brightness,0.5,gradcampp,0.4015625,0.33125,0.7388268082757878,0.7197432058274467,0.0582217674789504,1.0539887325599716e-79,0.001,4.192292260188058e-07,2.0895707794977603e-07
tiny_imagenet,resnet18,rotation,0.0,gradcam,0.4015625,0.4015625,1.0,1.0,0.0,1.0,0.25,1.0,1.0
tiny_imagenet,resnet18,rotation,0.0,gradcampp,0.4015625,0.4015625,1.0,1.0,0.0,1.0,0.25,1.0,1.0
tiny_imagenet,resnet18,rotation,1e-06,gradcam,0.4015625,0.4015625,1.0,1.0,0.0,1.0,0.25,1.0,1.0
tiny_imagenet,resnet18,rotation,1e-06,gradcampp,0.4015625,0.4015625,1.0,1.0,0.0,1.0,0.25,1.0,1.0
tiny_imagenet,resnet18,rotation,1e-05,gradcam,0.4015625,0.4015625,1.0,1.0,0.0,1.0,0.25,1.0,1.0
tiny_imagenet,resnet18,rotation,1e-05,gradcampp,0.4015625,0.4015625,1.0,1.0,0.0,1.0,0.25,1.0,1.0
tiny_imagenet,resnet18,rotation,0.0001,gradcam,0.4015625,0.4015625,1.0,1.0,0.0,1.0,0.25,1.0,1.0
tiny_imagenet,resnet18,rotation,0.0001,gradcampp,0.4015625,0.4015625,1.0,1.0,0.0,1.0,0.25,1.0,1.0
tiny_imagenet,resnet18,rotation,0.001,gradcam,0.4015625,0.4015625,1.0,1.0,0.0,1.0,0.25,1.0,1.0
tiny_imagenet,resnet18,rotation,0.001,gradcampp,0.4015625,0.4015625,1.0,1.0,0.0,1.0,0.25,1.0,1.0
tiny_imagenet,resnet18,rotation,0.01,gradcam,0.4015625,0.4015625,1.0,1.0,0.0,1.0,0.25,1.0,1.0
tiny_imagenet,resnet18,rotation,0.01,gradcampp,0.4015625,0.4015625,1.0,1.0,0.0,1.0,0.25,1.0,1.0
tiny_imagenet,resnet18,rotation,0.05,gradcam,0.4015625,0.40625,0.8637292082155534,0.8477023397974252,0.031300354556048,1.8093935772158472e-21,0.001,0.5036786810857753,0.4615651128874389
tiny_imagenet,resnet18,rotation,0.05,gradcampp,0.4015625,0.40625,0.8929347136366313,0.8766191012334351,0.0214035299603558,5.744253428764571e-41,0.001,0.3105431773339452,0.4247730371373183
tiny_imagenet,resnet18,rotation,0.1,gradcam,0.4015625,0.3921875,0.8792588301394175,0.8736523037003734,0.0272464616883983,2.184527694915281e-19,0.001,4.4366932531320425e-06,1.2714097504249868e-05
tiny_imagenet,resnet18,rotation,0.1,gradcampp,0.4015625,0.3921875,0.905869854347126,0.9002964740948883,0.0189164720854448,6.308168800454719e-42,0.001,1.1036998193593433e-18,1.2916812677984405e-18
tiny_imagenet,resnet18,rotation,0.2,gradcam,0.4015625,0.3953125,0.7492327618659055,0.7472259908989393,0.0670213631524486,2.8472591003187455e-65,0.001,1.3617971734701049e-05,2.792556561636428e-05
tiny_imagenet,resnet18,rotation,0.2,gradcampp,0.4015625,0.3953125,0.7948069099423094,0.7836190633655447,0.0472418804289528,4.0949557963599716e-139,0.001,1.237925123148248e-44,2.5468416867700975e-43
tiny_imagenet,resnet18,rotation,0.3,gradcam,0.4015625,0.3796875,0.694138661576446,0.6851454391580205,0.0770752617685907,1.238228707951834e-58,0.001,1.5332960971080753e-25,1.5321972141968458e-24
tiny_imagenet,resnet18,rotation,0.3,gradcampp,0.4015625,0.3796875,0.75996776344236,0.7325818538450233,0.0539095609874891,1.2323912281067135e-97,0.001,2.423286907101661e-09,4.1770312301262814e-10
tiny_imagenet,resnet18,rotation,0.4,gradcam,0.4015625,0.4,0.7619202747861579,0.7559200972759237,0.0594653431766493,9.566966028821611e-155,0.001,2.6247019409268103e-135,2.677397451720572e-127
tiny_imagenet,resnet18,rotation,0.4,gradcampp,0.4015625,0.4,0.7948078661681927,0.7886955627975069,0.0468727698313713,2.315791205192915e-104,0.001,3.538226713145125e-81,1.0718675745284788e-75
tiny_imagenet,resnet18,rotation,0.5,gradcam,0.4015625,0.3625,0.6507535936501494,0.6526860567692321,0.0886972950850989,3.0232755879936113e-156,0.001,1.705986853062569e-47,2.8125902186997e-45
tiny_imagenet,resnet18,rotation,0.5,gradcampp,0.4015625,0.3625,0.7274048293072085,0.7138404279827386,0.0615656561465499,1.4996043397826338e-147,0.001,5.213254044556134e-39,4.1320430227050086e-38
tiny_imagenet,shufflenet_v2,noise,0.0,gradcam,0.5375,0.5375,1.0,0.5734375,0.0,1.0,0.25,1.0,1.0
tiny_imagenet,shufflenet_v2,noise,0.0,gradcampp,0.5375,0.5375,1.0,1.0,0.0,1.0,0.25,1.0,1.0
tiny_imagenet,shufflenet_v2,noise,1e-06,gradcam,0.5375,0.5375,0.9999946606213416,0.5733439300188101,5.472935415116427e-08,0.9999983248603074,0.25,0.9904246105087686,0.995005927672498
tiny_imagenet,shufflenet_v2,noise,1e-06,gradcampp,0.5375,0.5375,0.9999977984972294,0.999628959222112,3.5647047522588385e-08,0.9992513269112908,0.25,0.9933464499554716,0.9922724484112254
tiny_imagenet,shufflenet_v2,noise,1e-05,gradcam,0.5375,0.5375,0.9999753443986305,0.573313605563429,7.829399918395636e-08,0.9999981629016984,0.25,0.9939739874327416,0.9959675291189126
tiny_imagenet,shufflenet_v2,noise,1e-05,gradcampp,0.5375,0.5375,0.9999955338131088,0.9997497980602906,5.9150056497118186e-08,0.9991714698539716,0.25,0.977879596040606,0.975853569522694
tiny_imagenet,shufflenet_v2,noise,0.0001,gradcam,0.5375,0.5375,0.9998595122660994,0.5731029608673431,3.5436173427425015e-07,0.9147139436874012,0.25,0.9744552977573736,0.9834419637840318
tiny_imagenet,shufflenet_v2,noise,0.0001,gradcampp,0.5375,0.5375,0.9999841273755088,0.999598475037067,1.567471137141379e-07,0.983659919347944,0.25,0.9756350907324844,0.9711048790588912
tiny_imagenet,shufflenet_v2,noise,0.001,gradcam,0.5375,0.5375,0.998493503976606,0.5713646210077794,0.000283267182539,0.0031376765590049,0.001,0.3418281801712561,0.0436010526288831
tiny_imagenet,shufflenet_v2,noise,0.001,gradcampp,0.5375,0.5375,0.9969313407509006,0.9944276517418004,0.0008012938720252,0.2341608883868245,0.25,0.3993322417475636,0.4064238093615923
tiny_imagenet,shufflenet_v2,noise,0.01,gradcam,0.5375,0.5390625,0.9620926016445932,0.5345729368107419,0.008356693001236,2.6294952178276265e-43,0.001,2.6288935907792726e-27,3.9940875321451264e-30
tiny_imagenet,shufflenet_v2,noise,0.01,gradcampp,0.5375,0.5390625,0.9798910711310332,0.9637847755360917,0.002604132023214,7.263309859851526e-08,0.001,0.1296339610959782,0.1372759377409277
tiny_imagenet,shufflenet_v2,noise,0.05,gradcam,0.5375,0.521875,0.8023351510101839,0.3818985071613839,0.0480340046396811,3.4294014579153777e-33,0.001,5.10602997806488e-11,9.121021217428011e-06
tiny_imagenet,shufflenet_v2,noise,0.05,gradcampp,0.5375,0.521875,0.8662215718496862,0.8294047040713892,0.0252705741344115,6.553400041500174e-61,0.001,4.336071649733492e-05,0.0001131237944903
tiny_imagenet,shufflenet_v2,noise,0.1,gradcam,0.5375,0.44375,0.6473563992680513,0.2343772128933485,0.1018183926710435,0.0,0.001,0.0,0.0
tiny_imagenet,shufflenet_v2,noise,0.1,gradcampp,0.5375,0.44375,0.7580384337044739,0.7307118630594438,0.0517713929624733,4.983173826852565e-35,0.001,9.189385282897006e-13,3.6476089747921857e-11
tiny_imagenet,shufflenet_v2,noise,0.2,gradcam,0.5375,0.20625,0.4842856182982142,0.0847246628617242,0.1711709975973931,0.0,0.001,0.0,0.0
tiny_imagenet,shufflenet_v2,noise,0.2,gradcampp,0.5375,0.20625,0.5885412940623079,0.5944730835701796,0.0976411923118178,2.447044643500418e-90,0.001,4.032079056522435e-47,4.297722227930744e-50
tiny_imagenet,shufflenet_v2,noise,0.3,gradcam,0.5375,0.0515625,0.4195289779162452,0.0620065599529761,0.1934248405264952,0.0,0.001,0.0,0.0
tiny_imagenet,shufflenet_v2,noise,0.3,gradcampp,0.5375,0.0515625,0.5043827225795393,0.5329204756267102,0.1232304737867835,2.3205773439365497e-286,0.001,6.437580342699312e-107,9.588110581635002e-108
tiny_imagenet,shufflenet_v2,noise,0.4,gradcam,0.5375,0.0171875,0.4022367263725551,0.0714826070066421,0.2002848867562534,0.0,0.001,0.0,0.0
tiny_imagenet,shufflenet_v2,noise,0.4,gradcampp,0.5375,0.0171875,0.4743879163212545,0.511227622017403,0.1348841928663205,1.0877317630257142e-164,0.001,6.796430066082535e-101,8.0109811311600125e-84
tiny_imagenet,shufflenet_v2,noise,0.5,gradcam,0.5375,0.003125,0.4259184139096813,0.0536055144282117,0.1906627094139201,0.0,0.001,0.0,0.0
tiny_imagenet,shufflenet_v2,noise,0.5,gradcampp,0.5375,0.003125,0.4956413592066587,0.5197818688895576,0.1278753919698829,1.5102424229941498e-175,0.001,1.637168514620999e-11,4.855801614180663e-08
tiny_imagenet,shufflenet_v2,blur,0.0,gradcam,0.5375,0.5375,1.0,0.5734375,0.0,1.0,0.25,1.0,1.0
tiny_imagenet,shufflenet_v2,blur,0.0,gradcampp,0.5375,0.5375,1.0,1.0,0.0,1.0,0.25,1.0,1.0
tiny_imagenet,shufflenet_v2,blur,1e-06,gradcam,0.5375,0.2828125,0.5647781875439858,0.1302844955980978,0.1348818085820326,0.0,0.001,0.0,0.0
tiny_imagenet,shufflenet_v2,blur,1e-06,gradcampp,0.5375,0.2828125,0.6888070151436461,0.6763463401967061,0.0712846140937323,3.4514355039488717e-68,0.001,8.504299088887606e-25,3.249906935189775e-20
tiny_imagenet,shufflenet_v2,blur,1e-05,gradcam,0.5375,0.2828125,0.5647781875439858,0.1302844955980978,0.1348818085820326,0.0,0.001,0.0,0.0
tiny_imagenet,shufflenet_v2,blur,1e-05,gradcampp,0.5375,0.2828125,0.6888070151436461,0.6763463401967061,0.0712846140937323,3.4514355039488717e-68,0.001,8.504299088887606e-25,3.249906935189775e-20
tiny_imagenet,shufflenet_v2,blur,0.0001,gradcam,0.5375,0.2828125,0.5647781875439858,0.1302844955980978,0.1348818085820326,0.0,0.001,0.0,0.0
tiny_imagenet,shufflenet_v2,blur,0.0001,gradcampp,0.5375,0.2828125,0.6888070151436461,0.6763463401967061,0.0712846140937323,3.4514355039488717e-68,0.001,8.504299088887606e-25,3.249906935189775e-20
tiny_imagenet,shufflenet_v2,blur,0.001,gradcam,0.5375,0.2828125,0.5647781875439858,0.1302844955980978,0.1348818085820326,0.0,0.001,0.0,0.0
tiny_imagenet,shufflenet_v2,blur,0.001,gradcampp,0.5375,0.2828125,0.6888070151436461,0.6763463401967061,0.0712846140937323,3.4514355039488717e-68,0.001,8.504299088887606e-25,3.249906935189775e-20
tiny_imagenet,shufflenet_v2,blur,0.01,gradcam,0.5375,0.2828125,0.5647781875439858,0.1302844955980978,0.1348818085820326,0.0,0.001,0.0,0.0
tiny_imagenet,shufflenet_v2,blur,0.01,gradcampp,0.5375,0.2828125,0.6888070151436461,0.6763463401967061,0.0712846140937323,3.4514355039488717e-68,0.001,8.504299088887606e-25,3.249906935189775e-20
tiny_imagenet,shufflenet_v2,blur,0.05,gradcam,0.5375,0.2828125,0.5647781875439858,0.1302844955980978,0.1348818085820326,0.0,0.001,0.0,0.0
tiny_imagenet,shufflenet_v2,blur,0.05,gradcampp,0.5375,0.2828125,0.6888070151436461,0.6763463401967061,0.0712846140937323,3.4514355039488717e-68,0.001,8.504299088887606e-25,3.249906935189775e-20
tiny_imagenet,shufflenet_v2,blur,0.1,gradcam,0.5375,0.2828125,0.5647781875439858,0.1302844955980978,0.1348818085820326,0.0,0.001,0.0,0.0
tiny_imagenet,shufflenet_v2,blur,0.1,gradcampp,0.5375,0.2828125,0.6888070151436461,0.6763463401967061,0.0712846140937323,3.4514355039488717e-68,0.001,8.504299088887606e-25,3.249906935189775e-20
tiny_imagenet,shufflenet_v2,blur,0.2,gradcam,0.5375,0.1546875,0.5253343089623945,0.095298228187655,0.1531591410674991,0.0,0.001,0.0,0.0
tiny_imagenet,shufflenet_v2,blur,0.2,gradcampp,0.5375,0.1546875,0.5927364183831665,0.599231251432522,0.0987270930244726,7.677598293401423e-107,0.001,2.4451283782911944e-32,8.562111149010642e-26
tiny_imagenet,shufflenet_v2,blur,0.3,gradcam,0.5375,0.10625,0.5235096142927407,0.0802880143099708,0.1541265966582969,0.0,0.001,0.0,0.0
tiny_imagenet,shufflenet_v2,blur,0.3,gradcampp,0.5375,0.10625,0.5753471232938254,0.5803159926955174,0.1021456354107243,2.0170326409879315e-122,0.001,0.9597674218213657,0.3077806444206954
tiny_imagenet,shufflenet_v2,blur,0.4,gradcam,0.5375,0.075,0.508477386994767,0.0685650936185534,0.1623104021120298,0.0,0.001,0.0,0.0
tiny_imagenet,shufflenet_v2,blur,0.4,gradcampp,0.5375,0.075,0.5614218231486167,0.5730099076866105,0.1071847991027993,5.1187667973647407e-144,0.001,0.0018590477476632,7.892473271460267e-06
tiny_imagenet,shufflenet_v2,blur,0.5,gradcam,0.5375,0.075,0.508477386994767,0.0685650936185534,0.1623104021120298,0.0,0.001,0.0,0.0
tiny_imagenet,shufflenet_v2,blur,0.5,gradcampp,0.5375,0.075,0.5614218231486167,0.5730099076866105,0.1071847991027993,5.1187667973647407e-144,0.001,0.0018590477476632,7.892473271460267e-06
tiny_imagenet,shufflenet_v2,brightness,0.0,gradcam,0.5375,0.5375,1.0,0.5734375,0.0,1.0,0.25,1.0,1.0
tiny_imagenet,shufflenet_v2,brightness,0.0,gradcampp,0.5375,0.5375,1.0,1.0,0.0,1.0,0.25,1.0,1.0
tiny_imagenet,shufflenet_v2,brightness,1e-06,gradcam,0.5375,0.5375,0.9999990152602616,0.5733492561263741,5.02570492915276e-08,0.9999909022283744,0.25,0.9798598793651948,0.9920715732343488
tiny_imagenet,shufflenet_v2,brightness,1e-06,gradcampp,0.5375,0.5375,0.9999982094599263,0.9998928786614536,2.8924479505011272e-08,0.9994175445163814,0.25,0.9938454608321916,0.9930930230451982
tiny_imagenet,shufflenet_v2,brightness,1e-05,gradcam,0.5375,0.5375,0.9999975748803672,0.5732894033225749,7.651798100769358e-08,0.9999994287320422,0.25,0.9702890230601372,0.982339807771594
tiny_imagenet,shufflenet_v2,brightness,1e-05,gradcampp,0.5375,0.5375,0.9999967204803584,0.9997763476271586,4.8904149738652915e-08,0.9956355580331492,0.25,0.9893545681061506,0.9903702485940724
tiny_imagenet,shufflenet_v2,brightness,0.0001,gradcam,0.5375,0.5375,0.9999948750018316,0.5732649718416717,1.3126633426219492e-07,0.999102689816898,0.25,0.9930660066987452,0.9962625595806096
tiny_imagenet,shufflenet_v2,brightness,0.0001,gradcampp,0.5375,0.5375,0.9999918310109284,0.9996253135481072,8.923895832531944e-08,0.9824808566978656,0.25,0.9960078659014218,0.9949303719556308
tiny_imagenet,shufflenet_v2,brightness,0.001,gradcam,0.5375,0.5375,0.9999079253095978,0.5727729501551366,9.014888372521068e-07,0.9445064225398724,0.25,0.8706782281766591,0.9334744516860712
tiny_imagenet,shufflenet_v2,brightness,0.001,gradcampp,0.5375,0.5375,0.9999705807600716,0.9992261282654636,5.074219533774934e-07,0.9201699226952068,0.25,0.9842823130512426,0.9835289925819706
tiny_imagenet,shufflenet_v2,brightness,0.01,gradcam,0.5375,0.53125,0.9900950769256074,0.5594135789429012,0.0022473538293022,0.0005651073126383,0.001,0.0695788156406811,0.0122981972415161
tiny_imagenet,shufflenet_v2,brightness,0.01,gradcampp,0.5375,0.53125,0.988859904488199,0.9821150771843838,0.0027609900882208,0.0026964397282292,0.0515568222978825,0.8848297225171403,0.8461927216790864
tiny_imagenet,shufflenet_v2,brightness,0.05,gradcam,0.5375,0.5328125,0.9556745528417336,0.5193988105793444,0.008097591963639,1.8917015288426357e-75,0.001,8.092236517623149e-37,1.6759739996479174e-31
tiny_imagenet,shufflenet_v2,brightness,0.05,gradcampp,0.5375,0.5328125,0.9664797301282466,0.9458708671662748,0.0055641233397752,3.049413881048708e-14,0.001,0.000447678530392,0.0009517681237501
tiny_imagenet,shufflenet_v2,brightness,0.1,gradcam,0.5375,0.5265625,0.9018944634829776,0.4654952081391096,0.0212314610736514,0.0,0.001,0.0,0.0
tiny_imagenet,shufflenet_v2,brightness,0.1,gradcampp,0.5375,0.5265625,0.9286176754640512,0.9005729018908376,0.0132055958487054,1.577083006867007e-28,0.001,2.4811482557384664e-09,6.387663553999459e-09
tiny_imagenet,shufflenet_v2,brightness,0.2,gradcam,0.5375,0.490625,0.8120646212087003,0.3784389857883435,0.0458421727423286,0.0,0.001,0.0,0.0
tiny_imagenet,shufflenet_v2,brightness,0.2,gradcampp,0.5375,0.490625,0.867923072127504,0.8372687763693183,0.0247908410402688,1.6749595487917763e-24,0.001,4.4258025689611336e-05,0.0001115752964201
tiny_imagenet,shufflenet_v2,brightness,0.3,gradcam,0.5375,0.465625,0.7535743521217172,0.3081023351245526,0.0639951780276215,0.0,0.001,0.0,0.0
tiny_imagenet,shufflenet_v2,brightness,0.3,gradcampp,0.5375,0.465625,0.8204087105763458,0.7905565845432407,0.0348103849520214,3.3838146199575057e-32,0.001,9.32359803304292e-05,0.0001696960410652
tiny_imagenet,shufflenet_v2,brightness,0.4,gradcam,0.5375,0.4171875,0.7121991540901904,0.2587598868180511,0.0777190796850426,0.0,0.001,0.0,0.0
tiny_imagenet,shufflenet_v2,brightness,0.4,gradcampp,0.5375,0.4171875,0.776255161766535,0.7480734444495927,0.0451988256021385,1.1676391383658367e-52,0.001,7.866309709587691e-32,1.3019915278556017e-30
tiny_imagenet,shufflenet_v2,brightness,0.5,gradcam,0.5375,0.384375,0.6731725925255899,0.2217493844940068,0.0913197614300656,0.0,0.001,0.0,0.0
tiny_imagenet,shufflenet_v2,brightness,0.5,gradcampp,0.5375,0.384375,0.7380571901426471,0.7115739824747661,0.0561669639944867,6.616889465625335e-104,0.001,3.1362010258791934e-72,8.706038755386784e-69
tiny_imagenet,shufflenet_v2,rotation,0.0,gradcam,0.5375,0.5375,1.0,0.5734375,0.0,1.0,0.25,1.0,1.0
tiny_imagenet,shufflenet_v2,rotation,0.0,gradcampp,0.5375,0.5375,1.0,1.0,0.0,1.0,0.25,1.0,1.0
tiny_imagenet,shufflenet_v2,rotation,1e-06,gradcam,0.5375,0.5375,1.0,0.5734375,0.0,1.0,0.25,1.0,1.0
tiny_imagenet,shufflenet_v2,rotation,1e-06,gradcampp,0.5375,0.5375,1.0,1.0,0.0,1.0,0.25,1.0,1.0
tiny_imagenet,shufflenet_v2,rotation,1e-05,gradcam,0.5375,0.5375,1.0,0.5734375,0.0,1.0,0.25,1.0,1.0
tiny_imagenet,shufflenet_v2,rotation,1e-05,gradcampp,0.5375,0.5375,1.0,1.0,0.0,1.0,0.25,1.0,1.0
tiny_imagenet,shufflenet_v2,rotation,0.0001,gradcam,0.5375,0.5375,1.0,0.5734375,0.0,1.0,0.25,1.0,1.0
tiny_imagenet,shufflenet_v2,rotation,0.0001,gradcampp,0.5375,0.5375,1.0,1.0,0.0,1.0,0.25,1.0,1.0
tiny_imagenet,shufflenet_v2,rotation,0.001,gradcam,0.5375,0.5375,1.0,0.5734375,0.0,1.0,0.25,1.0,1.0
tiny_imagenet,shufflenet_v2,rotation,0.001,gradcampp,0.5375,0.5375,1.0,1.0,0.0,1.0,0.25,1.0,1.0
tiny_imagenet,shufflenet_v2,rotation,0.01,gradcam,0.5375,0.5375,1.0,0.5734375,0.0,1.0,0.25,1.0,1.0
tiny_imagenet,shufflenet_v2,rotation,0.01,gradcampp,0.5375,0.5375,1.0,1.0,0.0,1.0,0.25,1.0,1.0
tiny_imagenet,shufflenet_v2,rotation,0.05,gradcam,0.5375,0.534375,0.9416647646263328,0.5165910360998603,0.0146017186393329,3.794765414542295e-40,0.001,2.9514570764880283e-48,1.1803633327847292e-24
tiny_imagenet,shufflenet_v2,rotation,0.05,gradcampp,0.5375,0.534375,0.951939481291195,0.9326877813676112,0.0082379918241727,2.9721357865082856e-05,0.001,0.0549163953075763,0.0749265160335432
tiny_imagenet,shufflenet_v2,rotation,0.1,gradcam,0.5375,0.5453125,0.8794517734192947,0.4532663210657729,0.031924514033947,1.0098256422825317e-42,0.001,4.13186668563441e-24,2.1867296403691533e-30
tiny_imagenet,shufflenet_v2,rotation,0.1,gradcampp,0.5375,0.5453125,0.9043885711807192,0.878647324257846,0.0188463310380932,6.052165663633907e-11,0.001,0.0336848679430384,0.0495036026228865
tiny_imagenet,shufflenet_v2,rotation,0.2,gradcam,0.5375,0.509375,0.7325551872932865,0.324471149131287,0.0733741428372553,0.0,0.001,0.0,0.0
tiny_imagenet,shufflenet_v2,rotation,0.2,gradcampp,0.5375,0.509375,0.7967304946459667,0.7802453634573204,0.0413631012478163,3.3509116374170825e-30,0.001,0.0006551082682838,0.0024424406074929
tiny_imagenet,shufflenet_v2,rotation,0.3,gradcam,0.5375,0.496875,0.7730175702940352,0.3665369273543467,0.068042108719726,0.0,0.001,0.0,0.0
tiny_imagenet,shufflenet_v2,rotation,0.3,gradcampp,0.5375,0.496875,0.8043092260441902,0.8022901133501247,0.0427209777228767,2.038917671481656e-11,0.001,0.1982002884348004,0.1477047147204854
tiny_imagenet,shufflenet_v2,rotation,0.4,gradcam,0.5375,0.4578125,0.597743195391075,0.1796642960679772,0.1201191973318486,0.0,0.001,0.0,0.0
tiny_imagenet,shufflenet_v2,rotation,0.4,gradcampp,0.5375,0.4578125,0.6684037388192889,0.6578730393111198,0.075549202799425,9.543953422537792e-25,0.001,1.991074493209125e-17,1.2390617304183305e-15
tiny_imagenet,shufflenet_v2,rotation,0.5,gradcam,0.5375,0.45,0.5936037215506742,0.1778531817812313,0.1198133000711123,0.0,0.001,0.0,0.0
tiny_imagenet,shufflenet_v2,rotation,0.5,gradcampp,0.5375,0.45,0.657526437146257,0.6501651334145034,0.0765241257237505,5.288455128896285e-106,0.001,6.254586191117733e-59,1.0258192873542696e-57
